Command line invocation:
    /Applications/Xcode.app/Contents/Developer/usr/bin/xcodebuild -project VitalArc.xcodeproj -scheme VitalArc -destination "platform=iOS Simulator,id=987FB931-73D9-44CF-8B71-04BD26BF0168" build

ComputePackagePrebuildTargetDependencyGraph

Prepare packages

CreateBuildRequest

SendProjectDescription

CreateBuildOperation

ComputeTargetDependencyGraph
note: Building targets in dependency order
note: Target dependency graph (1 target)
    Target 'VitalArc' in project 'VitalArc' (no dependencies)

GatherProvisioningInputs

CreateBuildDescription

ClangStatCache /Applications/Xcode.app/Contents/Developer/Toolchains/XcodeDefault.xctoolchain/usr/bin/clang-stat-cache /Applications/Xcode.app/Contents/Developer/Platforms/iPhoneSimulator.platform/Developer/SDKs/iPhoneSimulator26.2.sdk /Users/tanujsutaria/Library/Developer/Xcode/DerivedData/SDKStatCaches.noindex/iphonesimulator26.2-23C53-7d00a8b37fbd7999ea79df8ebc024bf0.sdkstatcache
    cd /Users/tanujsutaria/Development/VitalArc/VitalArc.xcodeproj
    /Applications/Xcode.app/Contents/Developer/Toolchains/XcodeDefault.xctoolchain/usr/bin/clang-stat-cache /Applications/Xcode.app/Contents/Developer/Platforms/iPhoneSimulator.platform/Developer/SDKs/iPhoneSimulator26.2.sdk -o /Users/tanujsutaria/Library/Developer/Xcode/DerivedData/SDKStatCaches.noindex/iphonesimulator26.2-23C53-7d00a8b37fbd7999ea79df8ebc024bf0.sdkstatcache

SwiftDriver VitalArc normal arm64 com.apple.xcode.tools.swift.compiler (in target 'VitalArc' from project 'VitalArc')
    cd /Users/tanujsutaria/Development/VitalArc
    builtin-SwiftDriver -- /Applications/Xcode.app/Contents/Developer/Toolchains/XcodeDefault.xctoolchain/usr/bin/swiftc -module-name VitalArc -Onone -enforce-exclusivity\=checked @/Users/tanujsutaria/Library/Developer/Xcode/DerivedData/VitalArc-avtzrztwhtjvmfecaxystanwxewy/Build/Intermediates.noindex/VitalArc.build/Debug-iphonesimulator/VitalArc.build/Objects-normal/arm64/VitalArc.SwiftFileList -DDEBUG -enable-bare-slash-regex -enable-experimental-feature DebugDescriptionMacro -sdk /Applications/Xcode.app/Contents/Developer/Platforms/iPhoneSimulator.platform/Developer/SDKs/iPhoneSimulator26.2.sdk -target arm64-apple-ios17.0-simulator -g -module-cache-path /Users/tanujsutaria/Library/Developer/Xcode/DerivedData/ModuleCache.noindex -Xfrontend -serialize-debugging-options -enable-testing -index-store-path /Users/tanujsutaria/Library/Developer/Xcode/DerivedData/VitalArc-avtzrztwhtjvmfecaxystanwxewy/Index.noindex/DataStore -Xcc -D_LIBCPP_HARDENING_MODE\=_LIBCPP_HARDENING_MODE_DEBUG -swift-version 5 -I /Users/tanujsutaria/Library/Developer/Xcode/DerivedData/VitalArc-avtzrztwhtjvmfecaxystanwxewy/Build/Products/Debug-iphonesimulator -F /Users/tanujsutaria/Library/Developer/Xcode/DerivedData/VitalArc-avtzrztwhtjvmfecaxystanwxewy/Build/Products/Debug-iphonesimulator -emit-localized-strings -emit-localized-strings-path /Users/tanujsutaria/Library/Developer/Xcode/DerivedData/VitalArc-avtzrztwhtjvmfecaxystanwxewy/Build/Intermediates.noindex/VitalArc.build/Debug-iphonesimulator/VitalArc.build/Objects-normal/arm64 -c -j10 -enable-batch-mode -incremental -Xcc -ivfsstatcache -Xcc /Users/tanujsutaria/Library/Developer/Xcode/DerivedData/SDKStatCaches.noindex/iphonesimulator26.2-23C53-7d00a8b37fbd7999ea79df8ebc024bf0.sdkstatcache -output-file-map /Users/tanujsutaria/Library/Developer/Xcode/DerivedData/VitalArc-avtzrztwhtjvmfecaxystanwxewy/Build/Intermediates.noindex/VitalArc.build/Debug-iphonesimulator/VitalArc.build/Objects-normal/arm64/VitalArc-OutputFileMap.json -use-frontend-parseable-output -save-temps -no-color-diagnostics -explicit-module-build -module-cache-path /Users/tanujsutaria/Library/Developer/Xcode/DerivedData/VitalArc-avtzrztwhtjvmfecaxystanwxewy/Build/Intermediates.noindex/SwiftExplicitPrecompiledModules -clang-scanner-module-cache-path /Users/tanujsutaria/Library/Developer/Xcode/DerivedData/ModuleCache.noindex -sdk-module-cache-path /Users/tanujsutaria/Library/Developer/Xcode/DerivedData/ModuleCache.noindex -serialize-diagnostics -emit-dependencies -emit-module -emit-module-path /Users/tanujsutaria/Library/Developer/Xcode/DerivedData/VitalArc-avtzrztwhtjvmfecaxystanwxewy/Build/Intermediates.noindex/VitalArc.build/Debug-iphonesimulator/VitalArc.build/Objects-normal/arm64/VitalArc.swiftmodule -validate-clang-modules-once -clang-build-session-file /Users/tanujsutaria/Library/Developer/Xcode/DerivedData/ModuleCache.noindex/Session.modulevalidation -Xcc -I/Users/tanujsutaria/Library/Developer/Xcode/DerivedData/VitalArc-avtzrztwhtjvmfecaxystanwxewy/Build/Intermediates.noindex/VitalArc.build/Debug-iphonesimulator/VitalArc.build/swift-overrides.hmap -emit-const-values -Xfrontend -const-gather-protocols-file -Xfrontend /Users/tanujsutaria/Library/Developer/Xcode/DerivedData/VitalArc-avtzrztwhtjvmfecaxystanwxewy/Build/Intermediates.noindex/VitalArc.build/Debug-iphonesimulator/VitalArc.build/Objects-normal/arm64/VitalArc_const_extract_protocols.json -Xcc -iquote -Xcc /Users/tanujsutaria/Library/Developer/Xcode/DerivedData/VitalArc-avtzrztwhtjvmfecaxystanwxewy/Build/Intermediates.noindex/VitalArc.build/Debug-iphonesimulator/VitalArc.build/VitalArc-generated-files.hmap -Xcc -I/Users/tanujsutaria/Library/Developer/Xcode/DerivedData/VitalArc-avtzrztwhtjvmfecaxystanwxewy/Build/Intermediates.noindex/VitalArc.build/Debug-iphonesimulator/VitalArc.build/VitalArc-own-target-headers.hmap -Xcc -I/Users/tanujsutaria/Library/Developer/Xcode/DerivedData/VitalArc-avtzrztwhtjvmfecaxystanwxewy/Build/Intermediates.noindex/VitalArc.build/Debug-iphonesimulator/VitalArc.build/VitalArc-all-target-headers.hmap -Xcc -iquote -Xcc /Users/tanujsutaria/Library/Developer/Xcode/DerivedData/VitalArc-avtzrztwhtjvmfecaxystanwxewy/Build/Intermediates.noindex/VitalArc.build/Debug-iphonesimulator/VitalArc.build/VitalArc-project-headers.hmap -Xcc -I/Users/tanujsutaria/Library/Developer/Xcode/DerivedData/VitalArc-avtzrztwhtjvmfecaxystanwxewy/Build/Products/Debug-iphonesimulator/include -Xcc -I/Users/tanujsutaria/Library/Developer/Xcode/DerivedData/VitalArc-avtzrztwhtjvmfecaxystanwxewy/Build/Intermediates.noindex/VitalArc.build/Debug-iphonesimulator/VitalArc.build/DerivedSources-normal/arm64 -Xcc -I/Users/tanujsutaria/Library/Developer/Xcode/DerivedData/VitalArc-avtzrztwhtjvmfecaxystanwxewy/Build/Intermediates.noindex/VitalArc.build/Debug-iphonesimulator/VitalArc.build/DerivedSources/arm64 -Xcc -I/Users/tanujsutaria/Library/Developer/Xcode/DerivedData/VitalArc-avtzrztwhtjvmfecaxystanwxewy/Build/Intermediates.noindex/VitalArc.build/Debug-iphonesimulator/VitalArc.build/DerivedSources -Xcc -DDEBUG\=1 -emit-objc-header -emit-objc-header-path /Users/tanujsutaria/Library/Developer/Xcode/DerivedData/VitalArc-avtzrztwhtjvmfecaxystanwxewy/Build/Intermediates.noindex/VitalArc.build/Debug-iphonesimulator/VitalArc.build/Objects-normal/arm64/VitalArc-Swift.h -working-directory /Users/tanujsutaria/Development/VitalArc -experimental-emit-module-separately -disable-cmo

SwiftCompile normal arm64 Compiling\ AboutView.swift,\ CalculateNutritionUseCase.swift,\ CalculateProgressionUseCase.swift,\ ChartView.swift,\ CreateUserProfileUseCase.swift,\ CreateWorkoutUseCase.swift,\ DailyNutrition.swift,\ DailyNutritionModel.swift,\ DependencyContainer.swift,\ Exercise.swift,\ ExerciseLibraryView.swift,\ ExerciseLibraryViewModel.swift /Users/tanujsutaria/Development/VitalArc/VitalArc/Presentation/Tabs/Profile/AboutView.swift /Users/tanujsutaria/Development/VitalArc/VitalArc/Domain/UseCases/Nutrition/CalculateNutritionUseCase.swift /Users/tanujsutaria/Development/VitalArc/VitalArc/Domain/UseCases/Workout/CalculateProgressionUseCase.swift /Users/tanujsutaria/Development/VitalArc/VitalArc/Presentation/Tabs/Health/Components/ChartView.swift /Users/tanujsutaria/Development/VitalArc/VitalArc/Domain/UseCases/User/CreateUserProfileUseCase.swift /Users/tanujsutaria/Development/VitalArc/VitalArc/Domain/UseCases/Workout/CreateWorkoutUseCase.swift /Users/tanujsutaria/Development/VitalArc/VitalArc/Domain/Entities/Nutrition/DailyNutrition.swift /Users/tanujsutaria/Development/VitalArc/VitalArc/Data/Models/Nutrition/DailyNutritionModel.swift /Users/tanujsutaria/Development/VitalArc/VitalArc/Infrastructure/DependencyContainer.swift /Users/tanujsutaria/Development/VitalArc/VitalArc/Domain/Entities/Workout/Exercise.swift /Users/tanujsutaria/Development/VitalArc/VitalArc/Presentation/Tabs/Workout/ExerciseLibrary/ExerciseLibraryView.swift /Users/tanujsutaria/Development/VitalArc/VitalArc/Presentation/Tabs/Workout/ExerciseLibrary/ExerciseLibraryViewModel.swift (in target 'VitalArc' from project 'VitalArc')

SwiftCompile normal arm64 /Users/tanujsutaria/Development/VitalArc/VitalArc/Presentation/Tabs/Profile/AboutView.swift (in target 'VitalArc' from project 'VitalArc')
    cd /Users/tanujsutaria/Development/VitalArc
    

SwiftCompile normal arm64 /Users/tanujsutaria/Development/VitalArc/VitalArc/Domain/UseCases/Nutrition/CalculateNutritionUseCase.swift (in target 'VitalArc' from project 'VitalArc')
    cd /Users/tanujsutaria/Development/VitalArc
    

SwiftCompile normal arm64 /Users/tanujsutaria/Development/VitalArc/VitalArc/Domain/UseCases/Workout/CalculateProgressionUseCase.swift (in target 'VitalArc' from project 'VitalArc')
    cd /Users/tanujsutaria/Development/VitalArc
    

SwiftCompile normal arm64 /Users/tanujsutaria/Development/VitalArc/VitalArc/Presentation/Tabs/Health/Components/ChartView.swift (in target 'VitalArc' from project 'VitalArc')
    cd /Users/tanujsutaria/Development/VitalArc
    

SwiftCompile normal arm64 /Users/tanujsutaria/Development/VitalArc/VitalArc/Domain/UseCases/User/CreateUserProfileUseCase.swift (in target 'VitalArc' from project 'VitalArc')
    cd /Users/tanujsutaria/Development/VitalArc
    

SwiftCompile normal arm64 /Users/tanujsutaria/Development/VitalArc/VitalArc/Domain/UseCases/Workout/CreateWorkoutUseCase.swift (in target 'VitalArc' from project 'VitalArc')
    cd /Users/tanujsutaria/Development/VitalArc
    

SwiftCompile normal arm64 /Users/tanujsutaria/Development/VitalArc/VitalArc/Domain/Entities/Nutrition/DailyNutrition.swift (in target 'VitalArc' from project 'VitalArc')
    cd /Users/tanujsutaria/Development/VitalArc
    

SwiftCompile normal arm64 /Users/tanujsutaria/Development/VitalArc/VitalArc/Data/Models/Nutrition/DailyNutritionModel.swift (in target 'VitalArc' from project 'VitalArc')
    cd /Users/tanujsutaria/Development/VitalArc
    

SwiftCompile normal arm64 /Users/tanujsutaria/Development/VitalArc/VitalArc/Infrastructure/DependencyContainer.swift (in target 'VitalArc' from project 'VitalArc')
    cd /Users/tanujsutaria/Development/VitalArc
    

SwiftCompile normal arm64 /Users/tanujsutaria/Development/VitalArc/VitalArc/Domain/Entities/Workout/Exercise.swift (in target 'VitalArc' from project 'VitalArc')
    cd /Users/tanujsutaria/Development/VitalArc
    

SwiftCompile normal arm64 /Users/tanujsutaria/Development/VitalArc/VitalArc/Presentation/Tabs/Workout/ExerciseLibrary/ExerciseLibraryView.swift (in target 'VitalArc' from project 'VitalArc')
    cd /Users/tanujsutaria/Development/VitalArc
    

SwiftCompile normal arm64 /Users/tanujsutaria/Development/VitalArc/VitalArc/Presentation/Tabs/Workout/ExerciseLibrary/ExerciseLibraryViewModel.swift (in target 'VitalArc' from project 'VitalArc')
    cd /Users/tanujsutaria/Development/VitalArc
    

SwiftCompile normal arm64 Compiling\ ProfileView.swift,\ ProfileViewModel.swift,\ SearchFoodUseCase.swift,\ SetRowView.swift,\ SettingsView.swift,\ USDAFoodAPI.swift,\ UpdateUserPreferencesUseCase.swift,\ UserProfile.swift,\ UserProfileModel.swift,\ UserRepository.swift,\ VitalArcApp.swift,\ WelcomeView.swift /Users/tanujsutaria/Development/VitalArc/VitalArc/Presentation/Tabs/Profile/ProfileView.swift /Users/tanujsutaria/Development/VitalArc/VitalArc/Presentation/Tabs/Profile/ProfileViewModel.swift /Users/tanujsutaria/Development/VitalArc/VitalArc/Domain/UseCases/Nutrition/SearchFoodUseCase.swift /Users/tanujsutaria/Development/VitalArc/VitalArc/Presentation/Tabs/Workout/WorkoutLogging/SetRowView.swift /Users/tanujsutaria/Development/VitalArc/VitalArc/Presentation/Tabs/Profile/SettingsView.swift /Users/tanujsutaria/Development/VitalArc/VitalArc/Infrastructure/Networking/USDAFoodAPI.swift /Users/tanujsutaria/Development/VitalArc/VitalArc/Domain/UseCases/User/UpdateUserPreferencesUseCase.swift /Users/tanujsutaria/Development/VitalArc/VitalArc/Domain/Entities/User/UserProfile.swift /Users/tanujsutaria/Development/VitalArc/VitalArc/Data/Models/User/UserProfileModel.swift /Users/tanujsutaria/Development/VitalArc/VitalArc/Domain/Repositories/UserRepository.swift /Users/tanujsutaria/Development/VitalArc/VitalArc/VitalArcApp.swift /Users/tanujsutaria/Development/VitalArc/VitalArc/Presentation/Onboarding/WelcomeView.swift (in target 'VitalArc' from project 'VitalArc')
SwiftCompile normal arm64 /Users/tanujsutaria/Development/VitalArc/VitalArc/Presentation/Tabs/Profile/ProfileView.swift (in target 'VitalArc' from project 'VitalArc')
    cd /Users/tanujsutaria/Development/VitalArc
    

SwiftCompile normal arm64 /Users/tanujsutaria/Development/VitalArc/VitalArc/Presentation/Tabs/Profile/ProfileViewModel.swift (in target 'VitalArc' from project 'VitalArc')
    cd /Users/tanujsutaria/Development/VitalArc
    

SwiftCompile normal arm64 /Users/tanujsutaria/Development/VitalArc/VitalArc/Domain/UseCases/Nutrition/SearchFoodUseCase.swift (in target 'VitalArc' from project 'VitalArc')
    cd /Users/tanujsutaria/Development/VitalArc
    

SwiftCompile normal arm64 /Users/tanujsutaria/Development/VitalArc/VitalArc/Presentation/Tabs/Workout/WorkoutLogging/SetRowView.swift (in target 'VitalArc' from project 'VitalArc')
    cd /Users/tanujsutaria/Development/VitalArc
    

SwiftCompile normal arm64 /Users/tanujsutaria/Development/VitalArc/VitalArc/Presentation/Tabs/Profile/SettingsView.swift (in target 'VitalArc' from project 'VitalArc')
    cd /Users/tanujsutaria/Development/VitalArc
    

SwiftCompile normal arm64 /Users/tanujsutaria/Development/VitalArc/VitalArc/Infrastructure/Networking/USDAFoodAPI.swift (in target 'VitalArc' from project 'VitalArc')
    cd /Users/tanujsutaria/Development/VitalArc
    

SwiftCompile normal arm64 /Users/tanujsutaria/Development/VitalArc/VitalArc/Domain/UseCases/User/UpdateUserPreferencesUseCase.swift (in target 'VitalArc' from project 'VitalArc')
    cd /Users/tanujsutaria/Development/VitalArc
    

SwiftCompile normal arm64 /Users/tanujsutaria/Development/VitalArc/VitalArc/Domain/Entities/User/UserProfile.swift (in target 'VitalArc' from project 'VitalArc')
    cd /Users/tanujsutaria/Development/VitalArc
    

SwiftCompile normal arm64 /Users/tanujsutaria/Development/VitalArc/VitalArc/Data/Models/User/UserProfileModel.swift (in target 'VitalArc' from project 'VitalArc')
    cd /Users/tanujsutaria/Development/VitalArc
    

SwiftCompile normal arm64 /Users/tanujsutaria/Development/VitalArc/VitalArc/Domain/Repositories/UserRepository.swift (in target 'VitalArc' from project 'VitalArc')
    cd /Users/tanujsutaria/Development/VitalArc
    

SwiftCompile normal arm64 /Users/tanujsutaria/Development/VitalArc/VitalArc/VitalArcApp.swift (in target 'VitalArc' from project 'VitalArc')
    cd /Users/tanujsutaria/Development/VitalArc
    

SwiftCompile normal arm64 /Users/tanujsutaria/Development/VitalArc/VitalArc/Presentation/Onboarding/WelcomeView.swift (in target 'VitalArc' from project 'VitalArc')
    cd /Users/tanujsutaria/Development/VitalArc
    

SwiftCompile normal arm64 Compiling\ FoodSearchView.swift,\ FoodSearchViewModel.swift,\ GetExercisesUseCase.swift,\ HealthDashboardView.swift,\ HealthDashboardViewModel.swift,\ HealthKitManager.swift,\ HealthKitMapper.swift,\ HealthKitPermissionView.swift,\ HealthKitPermissions.swift,\ HealthKitQuery.swift,\ HealthMetrics.swift,\ HealthMetricsModel.swift /Users/tanujsutaria/Development/VitalArc/VitalArc/Presentation/Tabs/Nutrition/FoodSearch/FoodSearchView.swift /Users/tanujsutaria/Development/VitalArc/VitalArc/Presentation/Tabs/Nutrition/FoodSearch/FoodSearchViewModel.swift /Users/tanujsutaria/Development/VitalArc/VitalArc/Domain/UseCases/Workout/GetExercisesUseCase.swift /Users/tanujsutaria/Development/VitalArc/VitalArc/Presentation/Tabs/Health/HealthDashboardView.swift /Users/tanujsutaria/Development/VitalArc/VitalArc/Presentation/Tabs/Health/HealthDashboardViewModel.swift /Users/tanujsutaria/Development/VitalArc/VitalArc/Infrastructure/HealthKit/HealthKitManager.swift /Users/tanujsutaria/Development/VitalArc/VitalArc/Infrastructure/Mappers/HealthKitMapper.swift /Users/tanujsutaria/Development/VitalArc/VitalArc/Presentation/Onboarding/HealthKitPermissionView.swift /Users/tanujsutaria/Development/VitalArc/VitalArc/Infrastructure/HealthKit/HealthKitPermissions.swift /Users/tanujsutaria/Development/VitalArc/VitalArc/Infrastructure/HealthKit/HealthKitQuery.swift /Users/tanujsutaria/Development/VitalArc/VitalArc/Domain/Entities/Health/HealthMetrics.swift /Users/tanujsutaria/Development/VitalArc/VitalArc/Data/Models/Health/HealthMetricsModel.swift (in target 'VitalArc' from project 'VitalArc')

SwiftCompile normal arm64 /Users/tanujsutaria/Development/VitalArc/VitalArc/Presentation/Tabs/Nutrition/FoodSearch/FoodSearchView.swift (in target 'VitalArc' from project 'VitalArc')
    cd /Users/tanujsutaria/Development/VitalArc
    

SwiftCompile normal arm64 /Users/tanujsutaria/Development/VitalArc/VitalArc/Presentation/Tabs/Nutrition/FoodSearch/FoodSearchViewModel.swift (in target 'VitalArc' from project 'VitalArc')
    cd /Users/tanujsutaria/Development/VitalArc
    

SwiftCompile normal arm64 /Users/tanujsutaria/Development/VitalArc/VitalArc/Domain/UseCases/Workout/GetExercisesUseCase.swift (in target 'VitalArc' from project 'VitalArc')
    cd /Users/tanujsutaria/Development/VitalArc
    

SwiftCompile normal arm64 /Users/tanujsutaria/Development/VitalArc/VitalArc/Presentation/Tabs/Health/HealthDashboardView.swift (in target 'VitalArc' from project 'VitalArc')
    cd /Users/tanujsutaria/Development/VitalArc
    

SwiftCompile normal arm64 /Users/tanujsutaria/Development/VitalArc/VitalArc/Presentation/Tabs/Health/HealthDashboardViewModel.swift (in target 'VitalArc' from project 'VitalArc')
    cd /Users/tanujsutaria/Development/VitalArc
    

SwiftCompile normal arm64 /Users/tanujsutaria/Development/VitalArc/VitalArc/Infrastructure/HealthKit/HealthKitManager.swift (in target 'VitalArc' from project 'VitalArc')
    cd /Users/tanujsutaria/Development/VitalArc
    

SwiftCompile normal arm64 /Users/tanujsutaria/Development/VitalArc/VitalArc/Infrastructure/Mappers/HealthKitMapper.swift (in target 'VitalArc' from project 'VitalArc')
    cd /Users/tanujsutaria/Development/VitalArc
    

SwiftCompile normal arm64 /Users/tanujsutaria/Development/VitalArc/VitalArc/Presentation/Onboarding/HealthKitPermissionView.swift (in target 'VitalArc' from project 'VitalArc')
    cd /Users/tanujsutaria/Development/VitalArc
    

SwiftCompile normal arm64 /Users/tanujsutaria/Development/VitalArc/VitalArc/Infrastructure/HealthKit/HealthKitPermissions.swift (in target 'VitalArc' from project 'VitalArc')
    cd /Users/tanujsutaria/Development/VitalArc
    

SwiftCompile normal arm64 /Users/tanujsutaria/Development/VitalArc/VitalArc/Infrastructure/HealthKit/HealthKitQuery.swift (in target 'VitalArc' from project 'VitalArc')
    cd /Users/tanujsutaria/Development/VitalArc
    

SwiftCompile normal arm64 /Users/tanujsutaria/Development/VitalArc/VitalArc/Domain/Entities/Health/HealthMetrics.swift (in target 'VitalArc' from project 'VitalArc')
    cd /Users/tanujsutaria/Development/VitalArc
    

SwiftCompile normal arm64 /Users/tanujsutaria/Development/VitalArc/VitalArc/Data/Models/Health/HealthMetricsModel.swift (in target 'VitalArc' from project 'VitalArc')
    cd /Users/tanujsutaria/Development/VitalArc
    

SwiftCompile normal arm64 Compiling\ ExerciseModel.swift,\ ExerciseRowView.swift,\ ExerciseSeeds.swift,\ ExerciseSetView.swift,\ Food.swift,\ FoodAPIModels.swift,\ FoodEntry.swift,\ FoodEntryModel.swift,\ FoodLoggingView.swift,\ FoodLoggingViewModel.swift,\ FoodModel.swift,\ FoodResultRowView.swift /Users/tanujsutaria/Development/VitalArc/VitalArc/Data/Models/Workout/ExerciseModel.swift /Users/tanujsutaria/Development/VitalArc/VitalArc/Presentation/Tabs/Workout/ExerciseLibrary/ExerciseRowView.swift /Users/tanujsutaria/Development/VitalArc/VitalArc/Data/Seeds/ExerciseSeeds.swift /Users/tanujsutaria/Development/VitalArc/VitalArc/Presentation/Tabs/Workout/WorkoutLogging/ExerciseSetView.swift /Users/tanujsutaria/Development/VitalArc/VitalArc/Domain/Entities/Nutrition/Food.swift /Users/tanujsutaria/Development/VitalArc/VitalArc/Infrastructure/Networking/FoodAPIModels.swift /Users/tanujsutaria/Development/VitalArc/VitalArc/Domain/Entities/Nutrition/FoodEntry.swift /Users/tanujsutaria/Development/VitalArc/VitalArc/Data/Models/Nutrition/FoodEntryModel.swift /Users/tanujsutaria/Development/VitalArc/VitalArc/Presentation/Tabs/Nutrition/FoodLogging/FoodLoggingView.swift /Users/tanujsutaria/Development/VitalArc/VitalArc/Presentation/Tabs/Nutrition/FoodLogging/FoodLoggingViewModel.swift /Users/tanujsutaria/Development/VitalArc/VitalArc/Data/Models/Nutrition/FoodModel.swift /Users/tanujsutaria/Development/VitalArc/VitalArc/Presentation/Tabs/Nutrition/FoodSearch/FoodResultRowView.swift (in target 'VitalArc' from project 'VitalArc')
SwiftCompile normal arm64 /Users/tanujsutaria/Development/VitalArc/VitalArc/Data/Models/Workout/ExerciseModel.swift (in target 'VitalArc' from project 'VitalArc')
    cd /Users/tanujsutaria/Development/VitalArc
    

SwiftCompile normal arm64 /Users/tanujsutaria/Development/VitalArc/VitalArc/Presentation/Tabs/Workout/ExerciseLibrary/ExerciseRowView.swift (in target 'VitalArc' from project 'VitalArc')
    cd /Users/tanujsutaria/Development/VitalArc
    

SwiftCompile normal arm64 /Users/tanujsutaria/Development/VitalArc/VitalArc/Data/Seeds/ExerciseSeeds.swift (in target 'VitalArc' from project 'VitalArc')
    cd /Users/tanujsutaria/Development/VitalArc
    

SwiftCompile normal arm64 /Users/tanujsutaria/Development/VitalArc/VitalArc/Presentation/Tabs/Workout/WorkoutLogging/ExerciseSetView.swift (in target 'VitalArc' from project 'VitalArc')
    cd /Users/tanujsutaria/Development/VitalArc
    

SwiftCompile normal arm64 /Users/tanujsutaria/Development/VitalArc/VitalArc/Domain/Entities/Nutrition/Food.swift (in target 'VitalArc' from project 'VitalArc')
    cd /Users/tanujsutaria/Development/VitalArc
    

SwiftCompile normal arm64 /Users/tanujsutaria/Development/VitalArc/VitalArc/Infrastructure/Networking/FoodAPIModels.swift (in target 'VitalArc' from project 'VitalArc')
    cd /Users/tanujsutaria/Development/VitalArc
    

SwiftCompile normal arm64 /Users/tanujsutaria/Development/VitalArc/VitalArc/Domain/Entities/Nutrition/FoodEntry.swift (in target 'VitalArc' from project 'VitalArc')
    cd /Users/tanujsutaria/Development/VitalArc
    

SwiftCompile normal arm64 /Users/tanujsutaria/Development/VitalArc/VitalArc/Data/Models/Nutrition/FoodEntryModel.swift (in target 'VitalArc' from project 'VitalArc')
    cd /Users/tanujsutaria/Development/VitalArc
    

SwiftCompile normal arm64 /Users/tanujsutaria/Development/VitalArc/VitalArc/Presentation/Tabs/Nutrition/FoodLogging/FoodLoggingView.swift (in target 'VitalArc' from project 'VitalArc')
    cd /Users/tanujsutaria/Development/VitalArc
    

SwiftCompile normal arm64 /Users/tanujsutaria/Development/VitalArc/VitalArc/Presentation/Tabs/Nutrition/FoodLogging/FoodLoggingViewModel.swift (in target 'VitalArc' from project 'VitalArc')
    cd /Users/tanujsutaria/Development/VitalArc
    

SwiftCompile normal arm64 /Users/tanujsutaria/Development/VitalArc/VitalArc/Data/Models/Nutrition/FoodModel.swift (in target 'VitalArc' from project 'VitalArc')
    cd /Users/tanujsutaria/Development/VitalArc
    

SwiftCompile normal arm64 /Users/tanujsutaria/Development/VitalArc/VitalArc/Presentation/Tabs/Nutrition/FoodSearch/FoodResultRowView.swift (in target 'VitalArc' from project 'VitalArc')
    cd /Users/tanujsutaria/Development/VitalArc
    

SwiftCompile normal arm64 Compiling\ HealthRepository.swift,\ LogFoodUseCase.swift,\ MacroRingView.swift,\ MainTabView.swift,\ MealSectionView.swift,\ MetricCardView.swift,\ NetworkService.swift,\ NutritionRepository.swift,\ NutritionSummaryView.swift,\ OnboardingCoordinator.swift,\ OnboardingViewModel.swift,\ ProfileSetupView.swift /Users/tanujsutaria/Development/VitalArc/VitalArc/Domain/Repositories/HealthRepository.swift /Users/tanujsutaria/Development/VitalArc/VitalArc/Domain/UseCases/Nutrition/LogFoodUseCase.swift /Users/tanujsutaria/Development/VitalArc/VitalArc/Presentation/Tabs/Nutrition/NutritionSummary/MacroRingView.swift /Users/tanujsutaria/Development/VitalArc/VitalArc/Presentation/Tabs/MainTabView.swift /Users/tanujsutaria/Development/VitalArc/VitalArc/Presentation/Tabs/Nutrition/FoodLogging/MealSectionView.swift /Users/tanujsutaria/Development/VitalArc/VitalArc/Presentation/Tabs/Health/Components/MetricCardView.swift /Users/tanujsutaria/Development/VitalArc/VitalArc/Infrastructure/Networking/NetworkService.swift /Users/tanujsutaria/Development/VitalArc/VitalArc/Domain/Repositories/NutritionRepository.swift /Users/tanujsutaria/Development/VitalArc/VitalArc/Presentation/Tabs/Nutrition/NutritionSummary/NutritionSummaryView.swift /Users/tanujsutaria/Development/VitalArc/VitalArc/Presentation/Onboarding/OnboardingCoordinator.swift /Users/tanujsutaria/Development/VitalArc/VitalArc/Presentation/Onboarding/OnboardingViewModel.swift /Users/tanujsutaria/Development/VitalArc/VitalArc/Presentation/Onboarding/ProfileSetupView.swift (in target 'VitalArc' from project 'VitalArc')

SwiftCompile normal arm64 /Users/tanujsutaria/Development/VitalArc/VitalArc/Domain/Repositories/HealthRepository.swift (in target 'VitalArc' from project 'VitalArc')
    cd /Users/tanujsutaria/Development/VitalArc
    

SwiftCompile normal arm64 /Users/tanujsutaria/Development/VitalArc/VitalArc/Domain/UseCases/Nutrition/LogFoodUseCase.swift (in target 'VitalArc' from project 'VitalArc')
    cd /Users/tanujsutaria/Development/VitalArc
    

SwiftCompile normal arm64 /Users/tanujsutaria/Development/VitalArc/VitalArc/Presentation/Tabs/Nutrition/NutritionSummary/MacroRingView.swift (in target 'VitalArc' from project 'VitalArc')
    cd /Users/tanujsutaria/Development/VitalArc
    

SwiftCompile normal arm64 /Users/tanujsutaria/Development/VitalArc/VitalArc/Presentation/Tabs/MainTabView.swift (in target 'VitalArc' from project 'VitalArc')
    cd /Users/tanujsutaria/Development/VitalArc
    

SwiftCompile normal arm64 /Users/tanujsutaria/Development/VitalArc/VitalArc/Presentation/Tabs/Nutrition/FoodLogging/MealSectionView.swift (in target 'VitalArc' from project 'VitalArc')
    cd /Users/tanujsutaria/Development/VitalArc
    

SwiftCompile normal arm64 /Users/tanujsutaria/Development/VitalArc/VitalArc/Presentation/Tabs/Health/Components/MetricCardView.swift (in target 'VitalArc' from project 'VitalArc')
    cd /Users/tanujsutaria/Development/VitalArc
    

SwiftCompile normal arm64 /Users/tanujsutaria/Development/VitalArc/VitalArc/Infrastructure/Networking/NetworkService.swift (in target 'VitalArc' from project 'VitalArc')
    cd /Users/tanujsutaria/Development/VitalArc
    

SwiftCompile normal arm64 /Users/tanujsutaria/Development/VitalArc/VitalArc/Domain/Repositories/NutritionRepository.swift (in target 'VitalArc' from project 'VitalArc')
    cd /Users/tanujsutaria/Development/VitalArc
    

SwiftCompile normal arm64 /Users/tanujsutaria/Development/VitalArc/VitalArc/Presentation/Tabs/Nutrition/NutritionSummary/NutritionSummaryView.swift (in target 'VitalArc' from project 'VitalArc')
    cd /Users/tanujsutaria/Development/VitalArc
    

SwiftCompile normal arm64 /Users/tanujsutaria/Development/VitalArc/VitalArc/Presentation/Onboarding/OnboardingCoordinator.swift (in target 'VitalArc' from project 'VitalArc')
    cd /Users/tanujsutaria/Development/VitalArc
    

SwiftCompile normal arm64 /Users/tanujsutaria/Development/VitalArc/VitalArc/Presentation/Onboarding/OnboardingViewModel.swift (in target 'VitalArc' from project 'VitalArc')
    cd /Users/tanujsutaria/Development/VitalArc
    

SwiftCompile normal arm64 /Users/tanujsutaria/Development/VitalArc/VitalArc/Presentation/Onboarding/ProfileSetupView.swift (in target 'VitalArc' from project 'VitalArc')
    cd /Users/tanujsutaria/Development/VitalArc
    

SwiftCompile normal arm64 Compiling\ Workout.swift,\ WorkoutHistoryView.swift,\ WorkoutHistoryViewModel.swift,\ WorkoutLoggingView.swift,\ WorkoutLoggingViewModel.swift,\ WorkoutModel.swift,\ WorkoutRepository.swift,\ WorkoutSet.swift,\ WorkoutSetModel.swift,\ Mesocycle.swift,\ VolumeMetrics.swift,\ MesocycleModel.swift /Users/tanujsutaria/Development/VitalArc/VitalArc/Domain/Entities/Workout/Workout.swift /Users/tanujsutaria/Development/VitalArc/VitalArc/Presentation/Tabs/Workout/WorkoutHistory/WorkoutHistoryView.swift /Users/tanujsutaria/Development/VitalArc/VitalArc/Presentation/Tabs/Workout/WorkoutHistory/WorkoutHistoryViewModel.swift /Users/tanujsutaria/Development/VitalArc/VitalArc/Presentation/Tabs/Workout/WorkoutLogging/WorkoutLoggingView.swift /Users/tanujsutaria/Development/VitalArc/VitalArc/Presentation/Tabs/Workout/WorkoutLogging/WorkoutLoggingViewModel.swift /Users/tanujsutaria/Development/VitalArc/VitalArc/Data/Models/Workout/WorkoutModel.swift /Users/tanujsutaria/Development/VitalArc/VitalArc/Domain/Repositories/WorkoutRepository.swift /Users/tanujsutaria/Development/VitalArc/VitalArc/Domain/Entities/Workout/WorkoutSet.swift /Users/tanujsutaria/Development/VitalArc/VitalArc/Data/Models/Workout/WorkoutSetModel.swift /Users/tanujsutaria/Development/VitalArc/VitalArc/Domain/Entities/Training/Mesocycle.swift /Users/tanujsutaria/Development/VitalArc/VitalArc/Domain/Entities/Analytics/VolumeMetrics.swift /Users/tanujsutaria/Development/VitalArc/VitalArc/Data/Models/Training/MesocycleModel.swift (in target 'VitalArc' from project 'VitalArc')

SwiftCompile normal arm64 /Users/tanujsutaria/Development/VitalArc/VitalArc/Domain/Entities/Workout/Workout.swift (in target 'VitalArc' from project 'VitalArc')
    cd /Users/tanujsutaria/Development/VitalArc
    

SwiftCompile normal arm64 /Users/tanujsutaria/Development/VitalArc/VitalArc/Presentation/Tabs/Workout/WorkoutHistory/WorkoutHistoryView.swift (in target 'VitalArc' from project 'VitalArc')
    cd /Users/tanujsutaria/Development/VitalArc
    

SwiftCompile normal arm64 /Users/tanujsutaria/Development/VitalArc/VitalArc/Presentation/Tabs/Workout/WorkoutHistory/WorkoutHistoryViewModel.swift (in target 'VitalArc' from project 'VitalArc')
    cd /Users/tanujsutaria/Development/VitalArc
    

SwiftCompile normal arm64 /Users/tanujsutaria/Development/VitalArc/VitalArc/Presentation/Tabs/Workout/WorkoutLogging/WorkoutLoggingView.swift (in target 'VitalArc' from project 'VitalArc')
    cd /Users/tanujsutaria/Development/VitalArc
    

SwiftCompile normal arm64 /Users/tanujsutaria/Development/VitalArc/VitalArc/Presentation/Tabs/Workout/WorkoutLogging/WorkoutLoggingViewModel.swift (in target 'VitalArc' from project 'VitalArc')
    cd /Users/tanujsutaria/Development/VitalArc
    

SwiftCompile normal arm64 /Users/tanujsutaria/Development/VitalArc/VitalArc/Data/Models/Workout/WorkoutModel.swift (in target 'VitalArc' from project 'VitalArc')
    cd /Users/tanujsutaria/Development/VitalArc
    

SwiftCompile normal arm64 /Users/tanujsutaria/Development/VitalArc/VitalArc/Domain/Repositories/WorkoutRepository.swift (in target 'VitalArc' from project 'VitalArc')
    cd /Users/tanujsutaria/Development/VitalArc
    

SwiftCompile normal arm64 /Users/tanujsutaria/Development/VitalArc/VitalArc/Domain/Entities/Workout/WorkoutSet.swift (in target 'VitalArc' from project 'VitalArc')
    cd /Users/tanujsutaria/Development/VitalArc
    

SwiftCompile normal arm64 /Users/tanujsutaria/Development/VitalArc/VitalArc/Data/Models/Workout/WorkoutSetModel.swift (in target 'VitalArc' from project 'VitalArc')
    cd /Users/tanujsutaria/Development/VitalArc
    

SwiftCompile normal arm64 /Users/tanujsutaria/Development/VitalArc/VitalArc/Domain/Entities/Training/Mesocycle.swift (in target 'VitalArc' from project 'VitalArc')
    cd /Users/tanujsutaria/Development/VitalArc
    

SwiftCompile normal arm64 /Users/tanujsutaria/Development/VitalArc/VitalArc/Domain/Entities/Analytics/VolumeMetrics.swift (in target 'VitalArc' from project 'VitalArc')
    cd /Users/tanujsutaria/Development/VitalArc
    

SwiftCompile normal arm64 /Users/tanujsutaria/Development/VitalArc/VitalArc/Data/Models/Training/MesocycleModel.swift (in target 'VitalArc' from project 'VitalArc')
    cd /Users/tanujsutaria/Development/VitalArc
    

SwiftCompile normal arm64 Compiling\ ExerciseSeedsBarbell.swift,\ ExerciseSeedsCable.swift,\ ExerciseSeedsCalisthenics.swift,\ ExerciseSeedsDumbbell.swift,\ ExerciseSeedsKettlebell.swift,\ ExerciseSeedsMachine.swift,\ ExerciseSeedsOlympic.swift,\ ExerciseSeedsStrongman.swift,\ NutritionixModels.swift,\ OpenFoodFactsModels.swift,\ ViewExtensions.swift /Users/tanujsutaria/Development/VitalArc/VitalArc/Data/Seeds/ExerciseSeedsBarbell.swift /Users/tanujsutaria/Development/VitalArc/VitalArc/Data/Seeds/ExerciseSeedsCable.swift /Users/tanujsutaria/Development/VitalArc/VitalArc/Data/Seeds/ExerciseSeedsCalisthenics.swift /Users/tanujsutaria/Development/VitalArc/VitalArc/Data/Seeds/ExerciseSeedsDumbbell.swift /Users/tanujsutaria/Development/VitalArc/VitalArc/Data/Seeds/ExerciseSeedsKettlebell.swift /Users/tanujsutaria/Development/VitalArc/VitalArc/Data/Seeds/ExerciseSeedsMachine.swift /Users/tanujsutaria/Development/VitalArc/VitalArc/Data/Seeds/ExerciseSeedsOlympic.swift /Users/tanujsutaria/Development/VitalArc/VitalArc/Data/Seeds/ExerciseSeedsStrongman.swift /Users/tanujsutaria/Development/VitalArc/VitalArc/Infrastructure/Networking/NutritionixModels.swift /Users/tanujsutaria/Development/VitalArc/VitalArc/Infrastructure/Networking/OpenFoodFactsModels.swift /Users/tanujsutaria/Development/VitalArc/VitalArc/Presentation/Common/DesignSystem/ViewExtensions.swift (in target 'VitalArc' from project 'VitalArc')
Failed frontend command:
/Applications/Xcode.app/Contents/Developer/Toolchains/XcodeDefault.xctoolchain/usr/bin/swift-frontend -frontend -c -filelist /Users/tanujsutaria/Library/Developer/Xcode/DerivedData/VitalArc-avtzrztwhtjvmfecaxystanwxewy/Build/Intermediates.noindex/VitalArc.build/Debug-iphonesimulator/VitalArc.build/Objects-normal/arm64/sources-1 -primary-file /Users/tanujsutaria/Development/VitalArc/VitalArc/Data/Seeds/ExerciseSeedsBarbell.swift -primary-file /Users/tanujsutaria/Development/VitalArc/VitalArc/Data/Seeds/ExerciseSeedsCable.swift -primary-file /Users/tanujsutaria/Development/VitalArc/VitalArc/Data/Seeds/ExerciseSeedsCalisthenics.swift -primary-file /Users/tanujsutaria/Development/VitalArc/VitalArc/Data/Seeds/ExerciseSeedsDumbbell.swift -primary-file /Users/tanujsutaria/Development/VitalArc/VitalArc/Data/Seeds/ExerciseSeedsKettlebell.swift -primary-file /Users/tanujsutaria/Development/VitalArc/VitalArc/Data/Seeds/ExerciseSeedsMachine.swift -primary-file /Users/tanujsutaria/Development/VitalArc/VitalArc/Data/Seeds/ExerciseSeedsOlympic.swift -primary-file /Users/tanujsutaria/Development/VitalArc/VitalArc/Data/Seeds/ExerciseSeedsStrongman.swift -primary-file /Users/tanujsutaria/Development/VitalArc/VitalArc/Infrastructure/Networking/NutritionixModels.swift -primary-file /Users/tanujsutaria/Development/VitalArc/VitalArc/Infrastructure/Networking/OpenFoodFactsModels.swift -primary-file /Users/tanujsutaria/Development/VitalArc/VitalArc/Presentation/Common/DesignSystem/ViewExtensions.swift -supplementary-output-file-map /Users/tanujsutaria/Library/Developer/Xcode/DerivedData/VitalArc-avtzrztwhtjvmfecaxystanwxewy/Build/Intermediates.noindex/VitalArc.build/Debug-iphonesimulator/VitalArc.build/Objects-normal/arm64/supplementaryOutputs-9 -emit-localized-strings -emit-localized-strings-path /Users/tanujsutaria/Library/Developer/Xcode/DerivedData/VitalArc-avtzrztwhtjvmfecaxystanwxewy/Build/Intermediates.noindex/VitalArc.build/Debug-iphonesimulator/VitalArc.build/Objects-normal/arm64 -target arm64-apple-ios17.0-simulator -module-can-import-version DeveloperToolsSupport 23.0.4 23.0.4 -disable-cross-import-overlay-search -swift-module-cross-import SwiftData /Applications/Xcode.app/Contents/Developer/Platforms/iPhoneSimulator.platform/Developer/SDKs/iPhoneSimulator26.2.sdk/System/Library/Frameworks/SwiftData.framework/Modules/SwiftData.swiftcrossimport/CoreData.swiftoverlay -swift-module-cross-import SwiftData /Applications/Xcode.app/Contents/Developer/Platforms/iPhoneSimulator.platform/Developer/SDKs/iPhoneSimulator26.2.sdk/System/Library/Frameworks/SwiftData.framework/Modules/SwiftData.swiftcrossimport/SwiftUI.swiftoverlay -load-resolved-plugin /Applications/Xcode.app/Contents/Developer/Platforms/iPhoneOS.platform/Developer/usr/lib/swift/host/plugins/libFoundationMacros.dylib\#/Applications/Xcode.app/Contents/Developer/Platforms/iPhoneOS.platform/Developer/usr/bin/swift-plugin-server\#FoundationMacros -load-resolved-plugin /Applications/Xcode.app/Contents/Developer/Platforms/iPhoneOS.platform/Developer/usr/lib/swift/host/plugins/libObservationMacros.dylib\#/Applications/Xcode.app/Contents/Developer/Platforms/iPhoneOS.platform/Developer/usr/bin/swift-plugin-server\#ObservationMacros -load-resolved-plugin /Applications/Xcode.app/Contents/Developer/Platforms/iPhoneOS.platform/Developer/usr/lib/swift/host/plugins/libPreviewsMacros.dylib\#/Applications/Xcode.app/Contents/Developer/Platforms/iPhoneOS.platform/Developer/usr/bin/swift-plugin-server\#PreviewsMacros -load-resolved-plugin /Applications/Xcode.app/Contents/Developer/Platforms/iPhoneOS.platform/Developer/usr/lib/swift/host/plugins/libSwiftDataMacros.dylib\#/Applications/Xcode.app/Contents/Developer/Platforms/iPhoneOS.platform/Developer/usr/bin/swift-plugin-server\#SwiftDataMacros -load-resolved-plugin /Applications/Xcode.app/Contents/Developer/Platforms/iPhoneOS.platform/Developer/usr/lib/swift/host/plugins/libSwiftMacros.dylib\#/Applications/Xcode.app/Contents/Developer/Platforms/iPhoneOS.platform/Developer/usr/bin/swift-plugin-server\#SwiftMacros -load-resolved-plugin /Applications/Xcode.app/Contents/Developer/Platforms/iPhoneOS.platform/Developer/usr/lib/swift/host/plugins/libSwiftUIMacros.dylib\#/Applications/Xcode.app/Contents/Developer/Platforms/iPhoneOS.platform/Developer/usr/bin/swift-plugin-server\#SwiftUIMacros -disable-implicit-swift-modules -Xcc -fno-implicit-modules -Xcc -fno-implicit-module-maps -explicit-swift-module-map-file /Users/tanujsutaria/Library/Developer/Xcode/DerivedData/VitalArc-avtzrztwhtjvmfecaxystanwxewy/Build/Intermediates.noindex/VitalArc.build/Debug-iphonesimulator/VitalArc.build/Objects-normal/arm64/VitalArc-dependencies-1.json -Xllvm -aarch64-use-tbi -enable-objc-interop -sdk /Applications/Xcode.app/Contents/Developer/Platforms/iPhoneSimulator.platform/Developer/SDKs/iPhoneSimulator26.2.sdk -I /Users/tanujsutaria/Library/Developer/Xcode/DerivedData/VitalArc-avtzrztwhtjvmfecaxystanwxewy/Build/Products/Debug-iphonesimulator -F /Users/tanujsutaria/Library/Developer/Xcode/DerivedData/VitalArc-avtzrztwhtjvmfecaxystanwxewy/Build/Products/Debug-iphonesimulator -no-color-diagnostics -Xcc -fno-color-diagnostics -enable-testing -g -debug-info-format\=dwarf -dwarf-version\=4 -module-cache-path /Users/tanujsutaria/Library/Developer/Xcode/DerivedData/VitalArc-avtzrztwhtjvmfecaxystanwxewy/Build/Intermediates.noindex/SwiftExplicitPrecompiledModules -swift-version 5 -enforce-exclusivity\=checked -Onone -D DEBUG -serialize-debugging-options -const-gather-protocols-file /Users/tanujsutaria/Library/Developer/Xcode/DerivedData/VitalArc-avtzrztwhtjvmfecaxystanwxewy/Build/Intermediates.noindex/VitalArc.build/Debug-iphonesimulator/VitalArc.build/Objects-normal/arm64/VitalArc_const_extract_protocols.json -enable-experimental-feature DebugDescriptionMacro -enable-bare-slash-regex -empty-abi-descriptor -validate-clang-modules-once -clang-build-session-file /Users/tanujsutaria/Library/Developer/Xcode/DerivedData/ModuleCache.noindex/Session.modulevalidation -Xcc -working-directory -Xcc /Users/tanujsutaria/Development/VitalArc -enable-anonymous-context-mangled-names -file-compilation-dir /Users/tanujsutaria/Development/VitalArc -Xcc -D_LIBCPP_HARDENING_MODE\=_LIBCPP_HARDENING_MODE_DEBUG -Xcc -ivfsstatcache -Xcc /Users/tanujsutaria/Library/Developer/Xcode/DerivedData/SDKStatCaches.noindex/iphonesimulator26.2-23C53-7d00a8b37fbd7999ea79df8ebc024bf0.sdkstatcache -Xcc -I/Users/tanujsutaria/Library/Developer/Xcode/DerivedData/VitalArc-avtzrztwhtjvmfecaxystanwxewy/Build/Intermediates.noindex/VitalArc.build/Debug-iphonesimulator/VitalArc.build/swift-overrides.hmap -Xcc -iquote -Xcc /Users/tanujsutaria/Library/Developer/Xcode/DerivedData/VitalArc-avtzrztwhtjvmfecaxystanwxewy/Build/Intermediates.noindex/VitalArc.build/Debug-iphonesimulator/VitalArc.build/VitalArc-generated-files.hmap -Xcc -I/Users/tanujsutaria/Library/Developer/Xcode/DerivedData/VitalArc-avtzrztwhtjvmfecaxystanwxewy/Build/Intermediates.noindex/VitalArc.build/Debug-iphonesimulator/VitalArc.build/VitalArc-own-target-headers.hmap -Xcc -I/Users/tanujsutaria/Library/Developer/Xcode/DerivedData/VitalArc-avtzrztwhtjvmfecaxystanwxewy/Build/Intermediates.noindex/VitalArc.build/Debug-iphonesimulator/VitalArc.build/VitalArc-all-target-headers.hmap -Xcc -iquote -Xcc /Users/tanujsutaria/Library/Developer/Xcode/DerivedData/VitalArc-avtzrztwhtjvmfecaxystanwxewy/Build/Intermediates.noindex/VitalArc.build/Debug-iphonesimulator/VitalArc.build/VitalArc-project-headers.hmap -Xcc -I/Users/tanujsutaria/Library/Developer/Xcode/DerivedData/VitalArc-avtzrztwhtjvmfecaxystanwxewy/Build/Products/Debug-iphonesimulator/include -Xcc -I/Users/tanujsutaria/Library/Developer/Xcode/DerivedData/VitalArc-avtzrztwhtjvmfecaxystanwxewy/Build/Intermediates.noindex/VitalArc.build/Debug-iphonesimulator/VitalArc.build/DerivedSources-normal/arm64 -Xcc -I/Users/tanujsutaria/Library/Developer/Xcode/DerivedData/VitalArc-avtzrztwhtjvmfecaxystanwxewy/Build/Intermediates.noindex/VitalArc.build/Debug-iphonesimulator/VitalArc.build/DerivedSources/arm64 -Xcc -I/Users/tanujsutaria/Library/Developer/Xcode/DerivedData/VitalArc-avtzrztwhtjvmfecaxystanwxewy/Build/Intermediates.noindex/VitalArc.build/Debug-iphonesimulator/VitalArc.build/DerivedSources -Xcc -DDEBUG\=1 -no-auto-bridging-header-chaining -module-name VitalArc -frontend-parseable-output -disable-clang-spi -target-sdk-version 26.2 -target-sdk-name iphonesimulator26.2 -clang-target arm64-apple-ios26.2-simulator -in-process-plugin-server-path /Applications/Xcode.app/Contents/Developer/Toolchains/XcodeDefault.xctoolchain/usr/lib/swift/host/libSwiftInProcPluginServer.dylib -o /Users/tanujsutaria/Library/Developer/Xcode/DerivedData/VitalArc-avtzrztwhtjvmfecaxystanwxewy/Build/Intermediates.noindex/VitalArc.build/Debug-iphonesimulator/VitalArc.build/Objects-normal/arm64/ExerciseSeedsBarbell.o -o /Users/tanujsutaria/Library/Developer/Xcode/DerivedData/VitalArc-avtzrztwhtjvmfecaxystanwxewy/Build/Intermediates.noindex/VitalArc.build/Debug-iphonesimulator/VitalArc.build/Objects-normal/arm64/ExerciseSeedsCable.o -o /Users/tanujsutaria/Library/Developer/Xcode/DerivedData/VitalArc-avtzrztwhtjvmfecaxystanwxewy/Build/Intermediates.noindex/VitalArc.build/Debug-iphonesimulator/VitalArc.build/Objects-normal/arm64/ExerciseSeedsCalisthenics.o -o /Users/tanujsutaria/Library/Developer/Xcode/DerivedData/VitalArc-avtzrztwhtjvmfecaxystanwxewy/Build/Intermediates.noindex/VitalArc.build/Debug-iphonesimulator/VitalArc.build/Objects-normal/arm64/ExerciseSeedsDumbbell.o -o /Users/tanujsutaria/Library/Developer/Xcode/DerivedData/VitalArc-avtzrztwhtjvmfecaxystanwxewy/Build/Intermediates.noindex/VitalArc.build/Debug-iphonesimulator/VitalArc.build/Objects-normal/arm64/ExerciseSeedsKettlebell.o -o /Users/tanujsutaria/Library/Developer/Xcode/DerivedData/VitalArc-avtzrztwhtjvmfecaxystanwxewy/Build/Intermediates.noindex/VitalArc.build/Debug-iphonesimulator/VitalArc.build/Objects-normal/arm64/ExerciseSeedsMachine.o -o /Users/tanujsutaria/Library/Developer/Xcode/DerivedData/VitalArc-avtzrztwhtjvmfecaxystanwxewy/Build/Intermediates.noindex/VitalArc.build/Debug-iphonesimulator/VitalArc.build/Objects-normal/arm64/ExerciseSeedsOlympic.o -o /Users/tanujsutaria/Library/Developer/Xcode/DerivedData/VitalArc-avtzrztwhtjvmfecaxystanwxewy/Build/Intermediates.noindex/VitalArc.build/Debug-iphonesimulator/VitalArc.build/Objects-normal/arm64/ExerciseSeedsStrongman.o -o /Users/tanujsutaria/Library/Developer/Xcode/DerivedData/VitalArc-avtzrztwhtjvmfecaxystanwxewy/Build/Intermediates.noindex/VitalArc.build/Debug-iphonesimulator/VitalArc.build/Objects-normal/arm64/NutritionixModels.o -o /Users/tanujsutaria/Library/Developer/Xcode/DerivedData/VitalArc-avtzrztwhtjvmfecaxystanwxewy/Build/Intermediates.noindex/VitalArc.build/Debug-iphonesimulator/VitalArc.build/Objects-normal/arm64/OpenFoodFactsModels.o -o /Users/tanujsutaria/Library/Developer/Xcode/DerivedData/VitalArc-avtzrztwhtjvmfecaxystanwxewy/Build/Intermediates.noindex/VitalArc.build/Debug-iphonesimulator/VitalArc.build/Objects-normal/arm64/ViewExtensions.o -index-unit-output-path /VitalArc.build/Debug-iphonesimulator/VitalArc.build/Objects-normal/arm64/ExerciseSeedsBarbell.o -index-unit-output-path /VitalArc.build/Debug-iphonesimulator/VitalArc.build/Objects-normal/arm64/ExerciseSeedsCable.o -index-unit-output-path /VitalArc.build/Debug-iphonesimulator/VitalArc.build/Objects-normal/arm64/ExerciseSeedsCalisthenics.o -index-unit-output-path /VitalArc.build/Debug-iphonesimulator/VitalArc.build/Objects-normal/arm64/ExerciseSeedsDumbbell.o -index-unit-output-path /VitalArc.build/Debug-iphonesimulator/VitalArc.build/Objects-normal/arm64/ExerciseSeedsKettlebell.o -index-unit-output-path /VitalArc.build/Debug-iphonesimulator/VitalArc.build/Objects-normal/arm64/ExerciseSeedsMachine.o -index-unit-output-path /VitalArc.build/Debug-iphonesimulator/VitalArc.build/Objects-normal/arm64/ExerciseSeedsOlympic.o -index-unit-output-path /VitalArc.build/Debug-iphonesimulator/VitalArc.build/Objects-normal/arm64/ExerciseSeedsStrongman.o -index-unit-output-path /VitalArc.build/Debug-iphonesimulator/VitalArc.build/Objects-normal/arm64/NutritionixModels.o -index-unit-output-path /VitalArc.build/Debug-iphonesimulator/VitalArc.build/Objects-normal/arm64/OpenFoodFactsModels.o -index-unit-output-path /VitalArc.build/Debug-iphonesimulator/VitalArc.build/Objects-normal/arm64/ViewExtensions.o -index-store-path /Users/tanujsutaria/Library/Developer/Xcode/DerivedData/VitalArc-avtzrztwhtjvmfecaxystanwxewy/Index.noindex/DataStore -index-system-modules

SwiftCompile normal arm64 /Users/tanujsutaria/Development/VitalArc/VitalArc/Data/Seeds/ExerciseSeedsBarbell.swift (in target 'VitalArc' from project 'VitalArc')
    cd /Users/tanujsutaria/Development/VitalArc
    
/Users/tanujsutaria/Development/VitalArc/VitalArc/Data/Seeds/ExerciseSeedsBarbell.swift:105:13: error: argument 'instructions' must precede argument 'difficulty'
            instructions: "Lower bar to 1 inch above chest, pause, press back up"
~~~~~~~~~~~~^~~~~~~~~~~~~~~~~~~~~~~~~~~~~~~~~~~~~~~~~~~~~~~~~~~~~~~~~~~~~~~~~~~~~
/Users/tanujsutaria/Development/VitalArc/VitalArc/Data/Seeds/ExerciseSeedsBarbell.swift:116:13: error: argument 'instructions' must precede argument 'difficulty'
            instructions: "Press to board on chest, builds lockout strength"
~~~~~~~~~~~~^~~~~~~~~~~~~~~~~~~~~~~~~~~~~~~~~~~~~~~~~~~~~~~~~~~~~~~~~~~~~~~~
/Users/tanujsutaria/Development/VitalArc/VitalArc/Data/Seeds/ExerciseSeedsBarbell.swift:138:13: error: argument 'instructions' must precede argument 'difficulty'
            instructions: "Press from pins at various heights, dead stop"
~~~~~~~~~~~~^~~~~~~~~~~~~~~~~~~~~~~~~~~~~~~~~~~~~~~~~~~~~~~~~~~~~~~~~~~~~
/Users/tanujsutaria/Development/VitalArc/VitalArc/Data/Seeds/ExerciseSeedsBarbell.swift:149:13: error: argument 'instructions' must precede argument 'difficulty'
            instructions: "Lower to neck/upper chest, more chest stretch",
~~~~~~~~~~~~^~~~~~~~~~~~~~~~~~~~~~~~~~~~~~~~~~~~~~~~~~~~~~~~~~~~~~~~~~~~~
/Users/tanujsutaria/Development/VitalArc/VitalArc/Data/Seeds/ExerciseSeedsBarbell.swift:172:13: error: argument 'instructions' must precede argument 'difficulty'
            instructions: "Bench press with feet elevated, no leg drive"
~~~~~~~~~~~~^~~~~~~~~~~~~~~~~~~~~~~~~~~~~~~~~~~~~~~~~~~~~~~~~~~~~~~~~~~~
/Users/tanujsutaria/Development/VitalArc/VitalArc/Data/Seeds/ExerciseSeedsBarbell.swift:183:13: error: argument 'instructions' must precede argument 'difficulty'
            instructions: "Start from dead stop on pins at chest level"
~~~~~~~~~~~~^~~~~~~~~~~~~~~~~~~~~~~~~~~~~~~~~~~~~~~~~~~~~~~~~~~~~~~~~~~
/Users/tanujsutaria/Development/VitalArc/VitalArc/Data/Seeds/ExerciseSeedsBarbell.swift:194:13: error: argument 'instructions' must precede argument 'difficulty'
            instructions: "Bench with feet on bench, eliminates leg drive"
~~~~~~~~~~~~^~~~~~~~~~~~~~~~~~~~~~~~~~~~~~~~~~~~~~~~~~~~~~~~~~~~~~~~~~~~~~
/Users/tanujsutaria/Development/VitalArc/VitalArc/Data/Seeds/ExerciseSeedsBarbell.swift:215:13: error: argument 'instructions' must precede argument 'difficulty'
            instructions: "Full rep, half rep, full rep = 1 set"
~~~~~~~~~~~~^~~~~~~~~~~~~~~~~~~~~~~~~~~~~~~~~~~~~~~~~~~~~~~~~~~~
/Users/tanujsutaria/Development/VitalArc/VitalArc/Data/Seeds/ExerciseSeedsBarbell.swift:273:13: error: argument 'instructions' must precede argument 'difficulty'
            instructions: "Squat to box, pause briefly, stand explosively"
~~~~~~~~~~~~^~~~~~~~~~~~~~~~~~~~~~~~~~~~~~~~~~~~~~~~~~~~~~~~~~~~~~~~~~~~~~
/Users/tanujsutaria/Development/VitalArc/VitalArc/Data/Seeds/ExerciseSeedsBarbell.swift:295:13: error: argument 'instructions' must precede argument 'difficulty'
            instructions: "Control descent for 3-5 seconds"
~~~~~~~~~~~~^~~~~~~~~~~~~~~~~~~~~~~~~~~~~~~~~~~~~~~~~~~~~~~
/Users/tanujsutaria/Development/VitalArc/VitalArc/Data/Seeds/ExerciseSeedsBarbell.swift:306:13: error: argument 'instructions' must precede argument 'difficulty'
            instructions: "Start from bottom position on pins"
~~~~~~~~~~~~^~~~~~~~~~~~~~~~~~~~~~~~~~~~~~~~~~~~~~~~~~~~~~~~~~
/Users/tanujsutaria/Development/VitalArc/VitalArc/Data/Seeds/ExerciseSeedsBarbell.swift:317:13: error: argument 'instructions' must precede argument 'difficulty'
            instructions: "Squat to pins at various heights"
~~~~~~~~~~~~^~~~~~~~~~~~~~~~~~~~~~~~~~~~~~~~~~~~~~~~~~~~~~~~
/Users/tanujsutaria/Development/VitalArc/VitalArc/Data/Seeds/ExerciseSeedsBarbell.swift:339:13: error: argument 'instructions' must precede argument 'difficulty'
            instructions: "Safety bar squat with hands on rack for support"
~~~~~~~~~~~~^~~~~~~~~~~~~~~~~~~~~~~~~~~~~~~~~~~~~~~~~~~~~~~~~~~~~~~~~~~~~~~
/Users/tanujsutaria/Development/VitalArc/VitalArc/Data/Seeds/ExerciseSeedsBarbell.swift:350:13: error: argument 'instructions' must precede argument 'difficulty'
            instructions: "Bar held in elbow crooks"
~~~~~~~~~~~~^~~~~~~~~~~~~~~~~~~~~~~~~~~~~~~~~~~~~~~~
/Users/tanujsutaria/Development/VitalArc/VitalArc/Data/Seeds/ExerciseSeedsBarbell.swift:372:13: error: argument 'instructions' must precede argument 'difficulty'
            instructions: "Wide stance, toes pointed out"
~~~~~~~~~~~~^~~~~~~~~~~~~~~~~~~~~~~~~~~~~~~~~~~~~~~~~~~~~
/Users/tanujsutaria/Development/VitalArc/VitalArc/Data/Seeds/ExerciseSeedsBarbell.swift:403:13: error: argument 'instructions' must precede argument 'difficulty'
            instructions: "Bar rests on traps, more upright torso"
~~~~~~~~~~~~^~~~~~~~~~~~~~~~~~~~~~~~~~~~~~~~~~~~~~~~~~~~~~~~~~~~~~
/Users/tanujsutaria/Development/VitalArc/VitalArc/Data/Seeds/ExerciseSeedsBarbell.swift:414:13: error: argument 'instructions' must precede argument 'difficulty'
            instructions: "Bar rests on rear delts, more hip hinge"
~~~~~~~~~~~~^~~~~~~~~~~~~~~~~~~~~~~~~~~~~~~~~~~~~~~~~~~~~~~~~~~~~~~
/Users/tanujsutaria/Development/VitalArc/VitalArc/Data/Seeds/ExerciseSeedsBarbell.swift:425:13: error: argument 'instructions' must precede argument 'difficulty'
            instructions: "Heels elevated, very upright, deep squat"
~~~~~~~~~~~~^~~~~~~~~~~~~~~~~~~~~~~~~~~~~~~~~~~~~~~~~~~~~~~~~~~~~~~~
/Users/tanujsutaria/Development/VitalArc/VitalArc/Data/Seeds/ExerciseSeedsBarbell.swift:486:13: error: argument 'instructions' must precede argument 'difficulty'
            instructions: "Hold bottom position for time"
~~~~~~~~~~~~^~~~~~~~~~~~~~~~~~~~~~~~~~~~~~~~~~~~~~~~~~~~~
/Users/tanujsutaria/Development/VitalArc/VitalArc/Data/Seeds/ExerciseSeedsBarbell.swift:497:13: error: argument 'instructions' must precede argument 'difficulty'
            instructions: "Load 110-120% 1RM, walk out, hold"
~~~~~~~~~~~~^~~~~~~~~~~~~~~~~~~~~~~~~~~~~~~~~~~~~~~~~~~~~~~~~
/Users/tanujsutaria/Development/VitalArc/VitalArc/Data/Seeds/ExerciseSeedsBarbell.swift:538:13: error: argument 'instructions' must precede argument 'difficulty'
            instructions: "Extreme quad isolation, knees forward"
~~~~~~~~~~~~^~~~~~~~~~~~~~~~~~~~~~~~~~~~~~~~~~~~~~~~~~~~~~~~~~~~~
/Users/tanujsutaria/Development/VitalArc/VitalArc/Data/Seeds/ExerciseSeedsBarbell.swift:549:13: error: argument 'instructions' must precede argument 'difficulty'
            instructions: "Bar behind legs, upright torso"
~~~~~~~~~~~~^~~~~~~~~~~~~~~~~~~~~~~~~~~~~~~~~~~~~~~~~~~~~~
/Users/tanujsutaria/Development/VitalArc/VitalArc/Data/Seeds/ExerciseSeedsBarbell.swift:560:13: error: argument 'instructions' must precede argument 'difficulty'
            instructions: "Straddle bar, one hand front, one back"
~~~~~~~~~~~~^~~~~~~~~~~~~~~~~~~~~~~~~~~~~~~~~~~~~~~~~~~~~~~~~~~~~~
/Users/tanujsutaria/Development/VitalArc/VitalArc/Data/Seeds/ExerciseSeedsBarbell.swift:610:13: error: argument 'instructions' must precede argument 'difficulty'
            instructions: "Minimal knee bend, maximum hamstring stretch"
~~~~~~~~~~~~^~~~~~~~~~~~~~~~~~~~~~~~~~~~~~~~~~~~~~~~~~~~~~~~~~~~~~~~~~~~
/Users/tanujsutaria/Development/VitalArc/VitalArc/Data/Seeds/ExerciseSeedsBarbell.swift:621:13: error: argument 'instructions' must precede argument 'difficulty'
            instructions: "Stand on 1-4 inch platform, increases range of motion",
~~~~~~~~~~~~^~~~~~~~~~~~~~~~~~~~~~~~~~~~~~~~~~~~~~~~~~~~~~~~~~~~~~~~~~~~~~~~~~~~~
/Users/tanujsutaria/Development/VitalArc/VitalArc/Data/Seeds/ExerciseSeedsBarbell.swift:633:13: error: argument 'instructions' must precede argument 'difficulty'
            instructions: "Bar elevated 2-6 inches, builds lockout"
~~~~~~~~~~~~^~~~~~~~~~~~~~~~~~~~~~~~~~~~~~~~~~~~~~~~~~~~~~~~~~~~~~~
/Users/tanujsutaria/Development/VitalArc/VitalArc/Data/Seeds/ExerciseSeedsBarbell.swift:644:13: error: argument 'instructions' must precede argument 'difficulty'
            instructions: "Pull from pins at knee height or above"
~~~~~~~~~~~~^~~~~~~~~~~~~~~~~~~~~~~~~~~~~~~~~~~~~~~~~~~~~~~~~~~~~~
/Users/tanujsutaria/Development/VitalArc/VitalArc/Data/Seeds/ExerciseSeedsBarbell.swift:666:13: error: argument 'instructions' must precede argument 'difficulty'
            instructions: "Control eccentric 3-5 seconds"
~~~~~~~~~~~~^~~~~~~~~~~~~~~~~~~~~~~~~~~~~~~~~~~~~~~~~~~~~
/Users/tanujsutaria/Development/VitalArc/VitalArc/Data/Seeds/ExerciseSeedsBarbell.swift:677:13: error: argument 'instructions' must precede argument 'difficulty'
            instructions: "Wide grip, increases range of motion"
~~~~~~~~~~~~^~~~~~~~~~~~~~~~~~~~~~~~~~~~~~~~~~~~~~~~~~~~~~~~~~~~
/Users/tanujsutaria/Development/VitalArc/VitalArc/Data/Seeds/ExerciseSeedsBarbell.swift:719:13: error: argument 'instructions' must precede argument 'difficulty'
            instructions: "Add resistance bands for accommodating resistance"
~~~~~~~~~~~~^~~~~~~~~~~~~~~~~~~~~~~~~~~~~~~~~~~~~~~~~~~~~~~~~~~~~~~~~~~~~~~~~
/Users/tanujsutaria/Development/VitalArc/VitalArc/Data/Seeds/ExerciseSeedsBarbell.swift:730:13: error: argument 'instructions' must precede argument 'difficulty'
            instructions: "Add chains for variable resistance"
~~~~~~~~~~~~^~~~~~~~~~~~~~~~~~~~~~~~~~~~~~~~~~~~~~~~~~~~~~~~~~
/Users/tanujsutaria/Development/VitalArc/VitalArc/Data/Seeds/ExerciseSeedsBarbell.swift:741:13: error: argument 'instructions' must precede argument 'difficulty'
            instructions: "Minimal rest at bottom, continuous tension"
~~~~~~~~~~~~^~~~~~~~~~~~~~~~~~~~~~~~~~~~~~~~~~~~~~~~~~~~~~~~~~~~~~~~~~
/Users/tanujsutaria/Development/VitalArc/VitalArc/Data/Seeds/ExerciseSeedsBarbell.swift:752:13: error: argument 'instructions' must precede argument 'difficulty'
            instructions: "Full reset at bottom each rep"
~~~~~~~~~~~~^~~~~~~~~~~~~~~~~~~~~~~~~~~~~~~~~~~~~~~~~~~~~
/Users/tanujsutaria/Development/VitalArc/VitalArc/Data/Seeds/ExerciseSeedsBarbell.swift:823:13: error: argument 'instructions' must precede argument 'difficulty'
            instructions: "RDL to knee, pause, pull to lockout"
~~~~~~~~~~~~^~~~~~~~~~~~~~~~~~~~~~~~~~~~~~~~~~~~~~~~~~~~~~~~~~~
/Users/tanujsutaria/Development/VitalArc/VitalArc/Data/Seeds/ExerciseSeedsBarbell.swift:886:13: error: argument 'instructions' must precede argument 'difficulty'
            instructions: "Rapid RDL variation, explosive hip extension"
~~~~~~~~~~~~^~~~~~~~~~~~~~~~~~~~~~~~~~~~~~~~~~~~~~~~~~~~~~~~~~~~~~~~~~~~
/Users/tanujsutaria/Development/VitalArc/VitalArc/Data/Seeds/ExerciseSeedsBarbell.swift:913:13: error: argument 'instructions' must precede argument 'difficulty'
            instructions: "Dip and drive with legs to assist press"
~~~~~~~~~~~~^~~~~~~~~~~~~~~~~~~~~~~~~~~~~~~~~~~~~~~~~~~~~~~~~~~~~~~
/Users/tanujsutaria/Development/VitalArc/VitalArc/Data/Seeds/ExerciseSeedsBarbell.swift:924:13: error: argument 'instructions' must precede argument 'difficulty'
            instructions: "Removes leg drive, strict shoulder work"
~~~~~~~~~~~~^~~~~~~~~~~~~~~~~~~~~~~~~~~~~~~~~~~~~~~~~~~~~~~~~~~~~~~
/Users/tanujsutaria/Development/VitalArc/VitalArc/Data/Seeds/ExerciseSeedsBarbell.swift:936:13: error: argument 'instructions' must precede argument 'difficulty'
            instructions: "Requires good shoulder mobility"
~~~~~~~~~~~~^~~~~~~~~~~~~~~~~~~~~~~~~~~~~~~~~~~~~~~~~~~~~~~
/Users/tanujsutaria/Development/VitalArc/VitalArc/Data/Seeds/ExerciseSeedsBarbell.swift:957:13: error: argument 'instructions' must precede argument 'difficulty'
            instructions: "Alternate front press and behind neck press"
~~~~~~~~~~~~^~~~~~~~~~~~~~~~~~~~~~~~~~~~~~~~~~~~~~~~~~~~~~~~~~~~~~~~~~~
/Users/tanujsutaria/Development/VitalArc/VitalArc/Data/Seeds/ExerciseSeedsBarbell.swift:988:13: error: argument 'instructions' must precede argument 'difficulty'
            instructions: "Press from pins at various heights"
~~~~~~~~~~~~^~~~~~~~~~~~~~~~~~~~~~~~~~~~~~~~~~~~~~~~~~~~~~~~~~
/Users/tanujsutaria/Development/VitalArc/VitalArc/Data/Seeds/ExerciseSeedsBarbell.swift:999:13: error: argument 'instructions' must precede argument 'difficulty'
            instructions: "Seated on floor, legs straight, strict press"
~~~~~~~~~~~~^~~~~~~~~~~~~~~~~~~~~~~~~~~~~~~~~~~~~~~~~~~~~~~~~~~~~~~~~~~~
/Users/tanujsutaria/Development/VitalArc/VitalArc/Data/Seeds/ExerciseSeedsBarbell.swift:1010:13: error: argument 'instructions' must precede argument 'difficulty'
            instructions: "Landmine press variation, neutral grip"
~~~~~~~~~~~~^~~~~~~~~~~~~~~~~~~~~~~~~~~~~~~~~~~~~~~~~~~~~~~~~~~~~~
/Users/tanujsutaria/Development/VitalArc/VitalArc/Data/Seeds/ExerciseSeedsBarbell.swift:1051:13: error: argument 'instructions' must precede argument 'difficulty'
            instructions: "Standing behind neck press, wider grip"
~~~~~~~~~~~~^~~~~~~~~~~~~~~~~~~~~~~~~~~~~~~~~~~~~~~~~~~~~~~~~~~~~~
/Users/tanujsutaria/Development/VitalArc/VitalArc/Data/Seeds/ExerciseSeedsBarbell.swift:1092:13: error: argument 'instructions' must precede argument 'difficulty'
            instructions: "No leg drive, no back lean"
~~~~~~~~~~~~^~~~~~~~~~~~~~~~~~~~~~~~~~~~~~~~~~~~~~~~~~
/Users/tanujsutaria/Development/VitalArc/VitalArc/Data/Seeds/ExerciseSeedsBarbell.swift:1103:13: error: argument 'instructions' must precede argument 'difficulty'
            instructions: "Strict press with heels together"
~~~~~~~~~~~~^~~~~~~~~~~~~~~~~~~~~~~~~~~~~~~~~~~~~~~~~~~~~~~~
/Users/tanujsutaria/Development/VitalArc/VitalArc/Data/Seeds/ExerciseSeedsBarbell.swift:1128:13: error: argument 'instructions' must precede argument 'difficulty'
            instructions: "Dead stop each rep, explosive pull, torso parallel"
~~~~~~~~~~~~^~~~~~~~~~~~~~~~~~~~~~~~~~~~~~~~~~~~~~~~~~~~~~~~~~~~~~~~~~~~~~~~~~
/Users/tanujsutaria/Development/VitalArc/VitalArc/Data/Seeds/ExerciseSeedsBarbell.swift:1139:13: error: argument 'instructions' must precede argument 'difficulty'
            instructions: "Underhand grip, more upright torso, pull to lower abs"
~~~~~~~~~~~~^~~~~~~~~~~~~~~~~~~~~~~~~~~~~~~~~~~~~~~~~~~~~~~~~~~~~~~~~~~~~~~~~~~~~
/Users/tanujsutaria/Development/VitalArc/VitalArc/Data/Seeds/ExerciseSeedsBarbell.swift:1150:13: error: argument 'instructions' must precede argument 'difficulty'
            instructions: "Chest supported on bench, eliminates momentum"
~~~~~~~~~~~~^~~~~~~~~~~~~~~~~~~~~~~~~~~~~~~~~~~~~~~~~~~~~~~~~~~~~~~~~~~~~
/Users/tanujsutaria/Development/VitalArc/VitalArc/Data/Seeds/ExerciseSeedsBarbell.swift:1161:13: error: argument 'instructions' must precede argument 'difficulty'
            instructions: "Single arm landmine row, staggered stance"
~~~~~~~~~~~~^~~~~~~~~~~~~~~~~~~~~~~~~~~~~~~~~~~~~~~~~~~~~~~~~~~~~~~~~
/Users/tanujsutaria/Development/VitalArc/VitalArc/Data/Seeds/ExerciseSeedsBarbell.swift:1252:13: error: argument 'instructions' must precede argument 'difficulty'
            instructions: "Pull to upper chest/sternum"
~~~~~~~~~~~~^~~~~~~~~~~~~~~~~~~~~~~~~~~~~~~~~~~~~~~~~~~
/Users/tanujsutaria/Development/VitalArc/VitalArc/Data/Seeds/ExerciseSeedsBarbell.swift:1313:13: error: argument 'instructions' must precede argument 'difficulty'
            instructions: "Heavy single arm row with body english"
~~~~~~~~~~~~^~~~~~~~~~~~~~~~~~~~~~~~~~~~~~~~~~~~~~~~~~~~~~~~~~~~~~
/Users/tanujsutaria/Development/VitalArc/VitalArc/Data/Seeds/ExerciseSeedsBarbell.swift:1456:13: error: argument 'instructions' must precede argument 'difficulty'
            instructions: "Barbell in front rack position"
~~~~~~~~~~~~^~~~~~~~~~~~~~~~~~~~~~~~~~~~~~~~~~~~~~~~~~~~~~
/Users/tanujsutaria/Development/VitalArc/VitalArc/Data/Seeds/ExerciseSeedsBarbell.swift:1531:13: error: argument 'instructions' must precede argument 'difficulty'
            instructions: "Feet together, knees out, pulse glutes"
~~~~~~~~~~~~^~~~~~~~~~~~~~~~~~~~~~~~~~~~~~~~~~~~~~~~~~~~~~~~~~~~~~
/Users/tanujsutaria/Development/VitalArc/VitalArc/Data/Seeds/ExerciseSeedsBarbell.swift:1542:13: error: argument 'instructions' must precede argument 'difficulty'
            instructions: "One foot forward for support, emphasize other leg"
~~~~~~~~~~~~^~~~~~~~~~~~~~~~~~~~~~~~~~~~~~~~~~~~~~~~~~~~~~~~~~~~~~~~~~~~~~~~~
/Users/tanujsutaria/Development/VitalArc/VitalArc/Data/Seeds/ExerciseSeedsBarbell.swift:1553:13: error: argument 'instructions' must precede argument 'difficulty'
            instructions: "Feet elevated for greater range of motion"
~~~~~~~~~~~~^~~~~~~~~~~~~~~~~~~~~~~~~~~~~~~~~~~~~~~~~~~~~~~~~~~~~~~~~
/Users/tanujsutaria/Development/VitalArc/VitalArc/Data/Seeds/ExerciseSeedsBarbell.swift:1564:13: error: argument 'instructions' must precede argument 'difficulty'
            instructions: "Don't touch down, maintain tension"
~~~~~~~~~~~~^~~~~~~~~~~~~~~~~~~~~~~~~~~~~~~~~~~~~~~~~~~~~~~~~~
/Users/tanujsutaria/Development/VitalArc/VitalArc/Data/Seeds/ExerciseSeedsBarbell.swift:1648:13: error: argument 'instructions' must precede argument 'difficulty'
            instructions: "Keep bar close to body, drag up torso"
~~~~~~~~~~~~^~~~~~~~~~~~~~~~~~~~~~~~~~~~~~~~~~~~~~~~~~~~~~~~~~~~~
/Users/tanujsutaria/Development/VitalArc/VitalArc/Data/Seeds/ExerciseSeedsBarbell.swift:1689:13: error: argument 'instructions' must precede argument 'difficulty'
            instructions: "7 bottom half, 7 top half, 7 full reps"
~~~~~~~~~~~~^~~~~~~~~~~~~~~~~~~~~~~~~~~~~~~~~~~~~~~~~~~~~~~~~~~~~~
/Users/tanujsutaria/Development/VitalArc/VitalArc/Data/Seeds/ExerciseSeedsBarbell.swift:1700:13: error: argument 'instructions' must precede argument 'difficulty'
            instructions: "Use momentum to lift, control negative"
~~~~~~~~~~~~^~~~~~~~~~~~~~~~~~~~~~~~~~~~~~~~~~~~~~~~~~~~~~~~~~~~~~
/Users/tanujsutaria/Development/VitalArc/VitalArc/Data/Seeds/ExerciseSeedsBarbell.swift:1731:13: error: argument 'instructions' must precede argument 'difficulty'
            instructions: "Back against wall, no momentum"
~~~~~~~~~~~~^~~~~~~~~~~~~~~~~~~~~~~~~~~~~~~~~~~~~~~~~~~~~~
/Users/tanujsutaria/Development/VitalArc/VitalArc/Data/Seeds/ExerciseSeedsBarbell.swift:2019:25: error: type 'ForceType?' has no member 'compound'
            forceType: .compound,
                       ~^~~~~~~~

SwiftCompile normal arm64 /Users/tanujsutaria/Development/VitalArc/VitalArc/Data/Seeds/ExerciseSeedsCable.swift (in target 'VitalArc' from project 'VitalArc')
    cd /Users/tanujsutaria/Development/VitalArc
    
/Users/tanujsutaria/Development/VitalArc/VitalArc/Data/Seeds/ExerciseSeedsCable.swift:720:13: error: argument 'instructions' must precede argument 'difficulty'
            instructions: "Behind body cable curl for maximum stretch"
~~~~~~~~~~~~^~~~~~~~~~~~~~~~~~~~~~~~~~~~~~~~~~~~~~~~~~~~~~~~~~~~~~~~~~

SwiftCompile normal arm64 /Users/tanujsutaria/Development/VitalArc/VitalArc/Data/Seeds/ExerciseSeedsCalisthenics.swift (in target 'VitalArc' from project 'VitalArc')
    cd /Users/tanujsutaria/Development/VitalArc
    
/Users/tanujsutaria/Development/VitalArc/VitalArc/Data/Seeds/ExerciseSeedsCalisthenics.swift:75:13: error: argument 'instructions' must precede argument 'difficulty'
            instructions: "Pull to one side, extend other arm"
~~~~~~~~~~~~^~~~~~~~~~~~~~~~~~~~~~~~~~~~~~~~~~~~~~~~~~~~~~~~~~
/Users/tanujsutaria/Development/VitalArc/VitalArc/Data/Seeds/ExerciseSeedsCalisthenics.swift:86:13: error: argument 'instructions' must precede argument 'difficulty'
            instructions: "Pull up, shift side to side at top"
~~~~~~~~~~~~^~~~~~~~~~~~~~~~~~~~~~~~~~~~~~~~~~~~~~~~~~~~~~~~~~
/Users/tanujsutaria/Development/VitalArc/VitalArc/Data/Seeds/ExerciseSeedsCalisthenics.swift:137:13: error: argument 'instructions' must precede argument 'difficulty'
            instructions: "Alternate sides passing head around bar"
~~~~~~~~~~~~^~~~~~~~~~~~~~~~~~~~~~~~~~~~~~~~~~~~~~~~~~~~~~~~~~~~~~~
/Users/tanujsutaria/Development/VitalArc/VitalArc/Data/Seeds/ExerciseSeedsCalisthenics.swift:168:13: error: argument 'instructions' must precede argument 'difficulty'
            instructions: "Horizontal pull-up, feet on ground"
~~~~~~~~~~~~^~~~~~~~~~~~~~~~~~~~~~~~~~~~~~~~~~~~~~~~~~~~~~~~~~
/Users/tanujsutaria/Development/VitalArc/VitalArc/Data/Seeds/ExerciseSeedsCalisthenics.swift:189:13: error: argument 'instructions' must precede argument 'difficulty'
            instructions: "Retract shoulder blades without bending arms"
~~~~~~~~~~~~^~~~~~~~~~~~~~~~~~~~~~~~~~~~~~~~~~~~~~~~~~~~~~~~~~~~~~~~~~~~
/Users/tanujsutaria/Development/VitalArc/VitalArc/Data/Seeds/ExerciseSeedsCalisthenics.swift:210:13: error: argument 'instructions' must precede argument 'difficulty'
            instructions: "Hold at top of pull-up position"
~~~~~~~~~~~~^~~~~~~~~~~~~~~~~~~~~~~~~~~~~~~~~~~~~~~~~~~~~~~
/Users/tanujsutaria/Development/VitalArc/VitalArc/Data/Seeds/ExerciseSeedsCalisthenics.swift:547:13: error: argument 'instructions' must precede argument 'difficulty'
            instructions: "Lean forward for chest emphasis"
~~~~~~~~~~~~^~~~~~~~~~~~~~~~~~~~~~~~~~~~~~~~~~~~~~~~~~~~~~~
/Users/tanujsutaria/Development/VitalArc/VitalArc/Data/Seeds/ExerciseSeedsCalisthenics.swift:588:13: error: argument 'instructions' must precede argument 'difficulty'
            instructions: "Behind body dips"
~~~~~~~~~~~~^~~~~~~~~~~~~~~~~~~~~~~~~~~~~~~~
/Users/tanujsutaria/Development/VitalArc/VitalArc/Data/Seeds/ExerciseSeedsCalisthenics.swift:649:13: error: argument 'instructions' must precede argument 'difficulty'
            instructions: "Extreme forward lean"
~~~~~~~~~~~~^~~~~~~~~~~~~~~~~~~~~~~~~~~~~~~~~~~~

SwiftCompile normal arm64 /Users/tanujsutaria/Development/VitalArc/VitalArc/Data/Seeds/ExerciseSeedsDumbbell.swift (in target 'VitalArc' from project 'VitalArc')
    cd /Users/tanujsutaria/Development/VitalArc
    
/Users/tanujsutaria/Development/VitalArc/VitalArc/Data/Seeds/ExerciseSeedsDumbbell.swift:87:13: error: argument 'instructions' must precede argument 'difficulty'
            instructions: "Press dumbbells together, squeeze chest"
~~~~~~~~~~~~^~~~~~~~~~~~~~~~~~~~~~~~~~~~~~~~~~~~~~~~~~~~~~~~~~~~~~~
/Users/tanujsutaria/Development/VitalArc/VitalArc/Data/Seeds/ExerciseSeedsDumbbell.swift:268:13: error: argument 'instructions' must precede argument 'difficulty'
            instructions: "Press two dumbbells together throughout movement"
~~~~~~~~~~~~^~~~~~~~~~~~~~~~~~~~~~~~~~~~~~~~~~~~~~~~~~~~~~~~~~~~~~~~~~~~~~~~
/Users/tanujsutaria/Development/VitalArc/VitalArc/Data/Seeds/ExerciseSeedsDumbbell.swift:312:13: error: argument 'instructions' must precede argument 'difficulty'
            instructions: "Rotate palms from facing you to facing forward"
~~~~~~~~~~~~^~~~~~~~~~~~~~~~~~~~~~~~~~~~~~~~~~~~~~~~~~~~~~~~~~~~~~~~~~~~~~
/Users/tanujsutaria/Development/VitalArc/VitalArc/Data/Seeds/ExerciseSeedsDumbbell.swift:395:13: error: argument 'instructions' must precede argument 'difficulty'
            instructions: "Hold onto stable object, lean away"
~~~~~~~~~~~~^~~~~~~~~~~~~~~~~~~~~~~~~~~~~~~~~~~~~~~~~~~~~~~~~~
/Users/tanujsutaria/Development/VitalArc/VitalArc/Data/Seeds/ExerciseSeedsDumbbell.swift:516:13: error: argument 'instructions' must precede argument 'difficulty'
            instructions: "Front raise above head, then out to sides"
~~~~~~~~~~~~^~~~~~~~~~~~~~~~~~~~~~~~~~~~~~~~~~~~~~~~~~~~~~~~~~~~~~~~~
/Users/tanujsutaria/Development/VitalArc/VitalArc/Data/Seeds/ExerciseSeedsDumbbell.swift:651:13: error: argument 'instructions' must precede argument 'difficulty'
            instructions: "Alternating rows in plank position"
~~~~~~~~~~~~^~~~~~~~~~~~~~~~~~~~~~~~~~~~~~~~~~~~~~~~~~~~~~~~~~
/Users/tanujsutaria/Development/VitalArc/VitalArc/Data/Seeds/ExerciseSeedsDumbbell.swift:662:13: error: argument 'instructions' must precede argument 'difficulty'
            instructions: "Row from plank position on dumbbells"
~~~~~~~~~~~~^~~~~~~~~~~~~~~~~~~~~~~~~~~~~~~~~~~~~~~~~~~~~~~~~~~~
/Users/tanujsutaria/Development/VitalArc/VitalArc/Data/Seeds/ExerciseSeedsDumbbell.swift:683:13: error: argument 'instructions' must precede argument 'difficulty'
            instructions: "Heavy single arm row with body english"
~~~~~~~~~~~~^~~~~~~~~~~~~~~~~~~~~~~~~~~~~~~~~~~~~~~~~~~~~~~~~~~~~~
/Users/tanujsutaria/Development/VitalArc/VitalArc/Data/Seeds/ExerciseSeedsDumbbell.swift:834:13: error: argument 'instructions' must precede argument 'difficulty'
            instructions: "Row and hold at top, isometric contraction"
~~~~~~~~~~~~^~~~~~~~~~~~~~~~~~~~~~~~~~~~~~~~~~~~~~~~~~~~~~~~~~~~~~~~~~
/Users/tanujsutaria/Development/VitalArc/VitalArc/Data/Seeds/ExerciseSeedsDumbbell.swift:875:13: error: argument 'instructions' must precede argument 'difficulty'
            instructions: "Emphasize 5+ second negative"
~~~~~~~~~~~~^~~~~~~~~~~~~~~~~~~~~~~~~~~~~~~~~~~~~~~~~~~~
/Users/tanujsutaria/Development/VitalArc/VitalArc/Data/Seeds/ExerciseSeedsDumbbell.swift:940:13: error: argument 'instructions' must precede argument 'difficulty'
            instructions: "Increases stretch on biceps"
~~~~~~~~~~~~^~~~~~~~~~~~~~~~~~~~~~~~~~~~~~~~~~~~~~~~~~~
/Users/tanujsutaria/Development/VitalArc/VitalArc/Data/Seeds/ExerciseSeedsDumbbell.swift:981:13: error: argument 'instructions' must precede argument 'difficulty'
            instructions: "Curl supinated, lower pronated"
~~~~~~~~~~~~^~~~~~~~~~~~~~~~~~~~~~~~~~~~~~~~~~~~~~~~~~~~~~
/Users/tanujsutaria/Development/VitalArc/VitalArc/Data/Seeds/ExerciseSeedsDumbbell.swift:992:13: error: argument 'instructions' must precede argument 'difficulty'
            instructions: "Hold one dumbbell underneath top plate"
~~~~~~~~~~~~^~~~~~~~~~~~~~~~~~~~~~~~~~~~~~~~~~~~~~~~~~~~~~~~~~~~~~
/Users/tanujsutaria/Development/VitalArc/VitalArc/Data/Seeds/ExerciseSeedsDumbbell.swift:1093:13: error: argument 'instructions' must precede argument 'difficulty'
            instructions: "Hold dumbbell at one end for extra forearm work"
~~~~~~~~~~~~^~~~~~~~~~~~~~~~~~~~~~~~~~~~~~~~~~~~~~~~~~~~~~~~~~~~~~~~~~~~~~~
/Users/tanujsutaria/Development/VitalArc/VitalArc/Data/Seeds/ExerciseSeedsDumbbell.swift:1316:13: error: argument 'instructions' must precede argument 'difficulty'
            instructions: "Press dumbbells together during extension"
~~~~~~~~~~~~^~~~~~~~~~~~~~~~~~~~~~~~~~~~~~~~~~~~~~~~~~~~~~~~~~~~~~~~~
/Users/tanujsutaria/Development/VitalArc/VitalArc/Data/Seeds/ExerciseSeedsDumbbell.swift:1619:13: error: argument 'instructions' must precede argument 'difficulty'
            instructions: "Burpee + dumbbell snatch"
~~~~~~~~~~~~^~~~~~~~~~~~~~~~~~~~~~~~~~~~~~~~~~~~~~~~
/Users/tanujsutaria/Development/VitalArc/VitalArc/Data/Seeds/ExerciseSeedsDumbbell.swift:1628:25: error: type 'ForceType?' has no member 'compound'
            forceType: .compound,
                       ~^~~~~~~~

SwiftCompile normal arm64 /Users/tanujsutaria/Development/VitalArc/VitalArc/Data/Seeds/ExerciseSeedsKettlebell.swift (in target 'VitalArc' from project 'VitalArc')
    cd /Users/tanujsutaria/Development/VitalArc
    
/Users/tanujsutaria/Development/VitalArc/VitalArc/Data/Seeds/ExerciseSeedsKettlebell.swift:35:13: error: argument 'instructions' must precede argument 'difficulty'
            instructions: "Swing to eye level"
~~~~~~~~~~~~^~~~~~~~~~~~~~~~~~~~~~~~~~~~~~~~~~
/Users/tanujsutaria/Development/VitalArc/VitalArc/Data/Seeds/ExerciseSeedsKettlebell.swift:46:13: error: argument 'instructions' must precede argument 'difficulty'
            instructions: "Swing overhead"
~~~~~~~~~~~~^~~~~~~~~~~~~~~~~~~~~~~~~~~~~~
/Users/tanujsutaria/Development/VitalArc/VitalArc/Data/Seeds/ExerciseSeedsKettlebell.swift:219:13: error: argument 'instructions' must precede argument 'difficulty'
            instructions: "Alternating double KB press"
~~~~~~~~~~~~^~~~~~~~~~~~~~~~~~~~~~~~~~~~~~~~~~~~~~~~~~~
/Users/tanujsutaria/Development/VitalArc/VitalArc/Data/Seeds/ExerciseSeedsKettlebell.swift:240:13: error: argument 'instructions' must precede argument 'difficulty'
            instructions: "Press with KB upside down"
~~~~~~~~~~~~^~~~~~~~~~~~~~~~~~~~~~~~~~~~~~~~~~~~~~~~~
/Users/tanujsutaria/Development/VitalArc/VitalArc/Data/Seeds/ExerciseSeedsKettlebell.swift:319:25: error: type 'ForceType?' has no member 'compound'
            forceType: .compound,
                       ~^~~~~~~~
/Users/tanujsutaria/Development/VitalArc/VitalArc/Data/Seeds/ExerciseSeedsKettlebell.swift:557:13: error: argument 'instructions' must precede argument 'difficulty'
            instructions: "Ground to standing with KB overhead"
~~~~~~~~~~~~^~~~~~~~~~~~~~~~~~~~~~~~~~~~~~~~~~~~~~~~~~~~~~~~~~~
/Users/tanujsutaria/Development/VitalArc/VitalArc/Data/Seeds/ExerciseSeedsKettlebell.swift:555:25: error: type 'ForceType?' has no member 'compound'
            forceType: .compound,
                       ~^~~~~~~~
/Users/tanujsutaria/Development/VitalArc/VitalArc/Data/Seeds/ExerciseSeedsKettlebell.swift:628:13: error: argument 'instructions' must precede argument 'difficulty'
            instructions: "Circle KB around head"
~~~~~~~~~~~~^~~~~~~~~~~~~~~~~~~~~~~~~~~~~~~~~~~~~

SwiftCompile normal arm64 /Users/tanujsutaria/Development/VitalArc/VitalArc/Data/Seeds/ExerciseSeedsMachine.swift (in target 'VitalArc' from project 'VitalArc')
    cd /Users/tanujsutaria/Development/VitalArc
    

SwiftCompile normal arm64 /Users/tanujsutaria/Development/VitalArc/VitalArc/Data/Seeds/ExerciseSeedsOlympic.swift (in target 'VitalArc' from project 'VitalArc')
    cd /Users/tanujsutaria/Development/VitalArc
    
/Users/tanujsutaria/Development/VitalArc/VitalArc/Data/Seeds/ExerciseSeedsOlympic.swift:35:13: error: argument 'instructions' must precede argument 'difficulty'
            instructions: "Full depth catch in front squat position"
~~~~~~~~~~~~^~~~~~~~~~~~~~~~~~~~~~~~~~~~~~~~~~~~~~~~~~~~~~~~~~~~~~~~
/Users/tanujsutaria/Development/VitalArc/VitalArc/Data/Seeds/ExerciseSeedsOlympic.swift:66:13: error: argument 'instructions' must precede argument 'difficulty'
            instructions: "Pull portion only, no catch"
~~~~~~~~~~~~^~~~~~~~~~~~~~~~~~~~~~~~~~~~~~~~~~~~~~~~~~~
/Users/tanujsutaria/Development/VitalArc/VitalArc/Data/Seeds/ExerciseSeedsOlympic.swift:77:13: error: argument 'instructions' must precede argument 'difficulty'
            instructions: "Explosive pull, elbows high"
~~~~~~~~~~~~^~~~~~~~~~~~~~~~~~~~~~~~~~~~~~~~~~~~~~~~~~~
/Users/tanujsutaria/Development/VitalArc/VitalArc/Data/Seeds/ExerciseSeedsOlympic.swift:98:13: error: argument 'instructions' must precede argument 'difficulty'
            instructions: "Deadlift with clean grip and posture"
~~~~~~~~~~~~^~~~~~~~~~~~~~~~~~~~~~~~~~~~~~~~~~~~~~~~~~~~~~~~~~~~
/Users/tanujsutaria/Development/VitalArc/VitalArc/Data/Seeds/ExerciseSeedsOlympic.swift:109:13: error: argument 'instructions' must precede argument 'difficulty'
            instructions: "Clean without rebending knees"
~~~~~~~~~~~~^~~~~~~~~~~~~~~~~~~~~~~~~~~~~~~~~~~~~~~~~~~~~
/Users/tanujsutaria/Development/VitalArc/VitalArc/Data/Seeds/ExerciseSeedsOlympic.swift:150:13: error: argument 'instructions' must precede argument 'difficulty'
            instructions: "Complex: 1 clean + 1-3 front squats"
~~~~~~~~~~~~^~~~~~~~~~~~~~~~~~~~~~~~~~~~~~~~~~~~~~~~~~~~~~~~~~~
/Users/tanujsutaria/Development/VitalArc/VitalArc/Data/Seeds/ExerciseSeedsOlympic.swift:148:25: error: type 'ForceType?' has no member 'compound'
            forceType: .compound,
                       ~^~~~~~~~
/Users/tanujsutaria/Development/VitalArc/VitalArc/Data/Seeds/ExerciseSeedsOlympic.swift:159:25: error: type 'ForceType?' has no member 'compound'
            forceType: .compound,
                       ~^~~~~~~~
/Users/tanujsutaria/Development/VitalArc/VitalArc/Data/Seeds/ExerciseSeedsOlympic.swift:169:25: error: type 'ForceType?' has no member 'compound'
            forceType: .compound,
                       ~^~~~~~~~
/Users/tanujsutaria/Development/VitalArc/VitalArc/Data/Seeds/ExerciseSeedsOlympic.swift:211:13: error: argument 'instructions' must precede argument 'difficulty'
            instructions: "Clean from standing, practice speed under bar"
~~~~~~~~~~~~^~~~~~~~~~~~~~~~~~~~~~~~~~~~~~~~~~~~~~~~~~~~~~~~~~~~~~~~~~~~~
/Users/tanujsutaria/Development/VitalArc/VitalArc/Data/Seeds/ExerciseSeedsOlympic.swift:222:13: error: argument 'instructions' must precede argument 'difficulty'
            instructions: "Multiple clean variations in sequence"
~~~~~~~~~~~~^~~~~~~~~~~~~~~~~~~~~~~~~~~~~~~~~~~~~~~~~~~~~~~~~~~~~
/Users/tanujsutaria/Development/VitalArc/VitalArc/Data/Seeds/ExerciseSeedsOlympic.swift:220:25: error: type 'ForceType?' has no member 'compound'
            forceType: .compound,
                       ~^~~~~~~~
/Users/tanujsutaria/Development/VitalArc/VitalArc/Data/Seeds/ExerciseSeedsOlympic.swift:247:13: error: argument 'instructions' must precede argument 'difficulty'
            instructions: "Full depth catch overhead"
~~~~~~~~~~~~^~~~~~~~~~~~~~~~~~~~~~~~~~~~~~~~~~~~~~~~~
/Users/tanujsutaria/Development/VitalArc/VitalArc/Data/Seeds/ExerciseSeedsOlympic.swift:278:13: error: argument 'instructions' must precede argument 'difficulty'
            instructions: "Pull only, no catch overhead"
~~~~~~~~~~~~^~~~~~~~~~~~~~~~~~~~~~~~~~~~~~~~~~~~~~~~~~~~
/Users/tanujsutaria/Development/VitalArc/VitalArc/Data/Seeds/ExerciseSeedsOlympic.swift:319:13: error: argument 'instructions' must precede argument 'difficulty'
            instructions: "Drop under bar into overhead squat"
~~~~~~~~~~~~^~~~~~~~~~~~~~~~~~~~~~~~~~~~~~~~~~~~~~~~~~~~~~~~~~
/Users/tanujsutaria/Development/VitalArc/VitalArc/Data/Seeds/ExerciseSeedsOlympic.swift:330:13: error: argument 'instructions' must precede argument 'difficulty'
            instructions: "Snatch without rebending knees"
~~~~~~~~~~~~^~~~~~~~~~~~~~~~~~~~~~~~~~~~~~~~~~~~~~~~~~~~~~
/Users/tanujsutaria/Development/VitalArc/VitalArc/Data/Seeds/ExerciseSeedsOlympic.swift:371:13: error: argument 'instructions' must precede argument 'difficulty'
            instructions: "Squat with bar overhead in snatch grip"
~~~~~~~~~~~~^~~~~~~~~~~~~~~~~~~~~~~~~~~~~~~~~~~~~~~~~~~~~~~~~~~~~~
/Users/tanujsutaria/Development/VitalArc/VitalArc/Data/Seeds/ExerciseSeedsOlympic.swift:420:25: error: type 'ForceType?' has no member 'compound'
            forceType: .compound,
                       ~^~~~~~~~
/Users/tanujsutaria/Development/VitalArc/VitalArc/Data/Seeds/ExerciseSeedsOlympic.swift:445:13: error: argument 'instructions' must precede argument 'difficulty'
            instructions: "Dip, drive, press to lockout"
~~~~~~~~~~~~^~~~~~~~~~~~~~~~~~~~~~~~~~~~~~~~~~~~~~~~~~~~
/Users/tanujsutaria/Development/VitalArc/VitalArc/Data/Seeds/ExerciseSeedsOlympic.swift:456:13: error: argument 'instructions' must precede argument 'difficulty'
            instructions: "Dip, drive, split stance catch"
~~~~~~~~~~~~^~~~~~~~~~~~~~~~~~~~~~~~~~~~~~~~~~~~~~~~~~~~~~
/Users/tanujsutaria/Development/VitalArc/VitalArc/Data/Seeds/ExerciseSeedsOlympic.swift:477:13: error: argument 'instructions' must precede argument 'difficulty'
            instructions: "Catch in full squat under bar"
~~~~~~~~~~~~^~~~~~~~~~~~~~~~~~~~~~~~~~~~~~~~~~~~~~~~~~~~~
/Users/tanujsutaria/Development/VitalArc/VitalArc/Data/Seeds/ExerciseSeedsOlympic.swift:498:13: error: argument 'instructions' must precede argument 'difficulty'
            instructions: "Practice dip portion of jerk"
~~~~~~~~~~~~^~~~~~~~~~~~~~~~~~~~~~~~~~~~~~~~~~~~~~~~~~~~
/Users/tanujsutaria/Development/VitalArc/VitalArc/Data/Seeds/ExerciseSeedsOlympic.swift:509:13: error: argument 'instructions' must precede argument 'difficulty'
            instructions: "Dip and drive, no catch"
~~~~~~~~~~~~^~~~~~~~~~~~~~~~~~~~~~~~~~~~~~~~~~~~~~~
/Users/tanujsutaria/Development/VitalArc/VitalArc/Data/Seeds/ExerciseSeedsOlympic.swift:560:13: error: argument 'instructions' must precede argument 'difficulty'
            instructions: "Practice recovering from split/squat position"
~~~~~~~~~~~~^~~~~~~~~~~~~~~~~~~~~~~~~~~~~~~~~~~~~~~~~~~~~~~~~~~~~~~~~~~~~
/Users/tanujsutaria/Development/VitalArc/VitalArc/Data/Seeds/ExerciseSeedsOlympic.swift:603:13: error: argument 'instructions' must precede argument 'difficulty'
            instructions: "Full clean + full jerk"
~~~~~~~~~~~~^~~~~~~~~~~~~~~~~~~~~~~~~~~~~~~~~~~~~~
/Users/tanujsutaria/Development/VitalArc/VitalArc/Data/Seeds/ExerciseSeedsOlympic.swift:601:25: error: type 'ForceType?' has no member 'compound'
            forceType: .compound,
                       ~^~~~~~~~
/Users/tanujsutaria/Development/VitalArc/VitalArc/Data/Seeds/ExerciseSeedsOlympic.swift:614:13: error: argument 'instructions' must precede argument 'difficulty'
            instructions: "Ground to overhead in one motion"
~~~~~~~~~~~~^~~~~~~~~~~~~~~~~~~~~~~~~~~~~~~~~~~~~~~~~~~~~~~~
/Users/tanujsutaria/Development/VitalArc/VitalArc/Data/Seeds/ExerciseSeedsOlympic.swift:625:13: error: argument 'instructions' must precede argument 'difficulty'
            instructions: "Front squat into push press"
~~~~~~~~~~~~^~~~~~~~~~~~~~~~~~~~~~~~~~~~~~~~~~~~~~~~~~~
/Users/tanujsutaria/Development/VitalArc/VitalArc/Data/Seeds/ExerciseSeedsOlympic.swift:646:13: error: argument 'instructions' must precede argument 'difficulty'
            instructions: "1 clean + 2 front squats + 1 jerk"
~~~~~~~~~~~~^~~~~~~~~~~~~~~~~~~~~~~~~~~~~~~~~~~~~~~~~~~~~~~~~
/Users/tanujsutaria/Development/VitalArc/VitalArc/Data/Seeds/ExerciseSeedsOlympic.swift:644:25: error: type 'ForceType?' has no member 'compound'
            forceType: .compound,
                       ~^~~~~~~~

SwiftCompile normal arm64 /Users/tanujsutaria/Development/VitalArc/VitalArc/Data/Seeds/ExerciseSeedsStrongman.swift (in target 'VitalArc' from project 'VitalArc')
    cd /Users/tanujsutaria/Development/VitalArc
    
/Users/tanujsutaria/Development/VitalArc/VitalArc/Data/Seeds/ExerciseSeedsStrongman.swift:85:13: error: argument 'instructions' must precede argument 'difficulty'
            instructions: "Walk with weight racked on shoulders"
~~~~~~~~~~~~^~~~~~~~~~~~~~~~~~~~~~~~~~~~~~~~~~~~~~~~~~~~~~~~~~~~
/Users/tanujsutaria/Development/VitalArc/VitalArc/Data/Seeds/ExerciseSeedsStrongman.swift:178:13: error: argument 'instructions' must precede argument 'difficulty'
            instructions: "Clean log to chest, press overhead"
~~~~~~~~~~~~^~~~~~~~~~~~~~~~~~~~~~~~~~~~~~~~~~~~~~~~~~~~~~~~~~
/Users/tanujsutaria/Development/VitalArc/VitalArc/Data/Seeds/ExerciseSeedsStrongman.swift:189:13: error: argument 'instructions' must precede argument 'difficulty'
            instructions: "Thick bar overhead press"
~~~~~~~~~~~~^~~~~~~~~~~~~~~~~~~~~~~~~~~~~~~~~~~~~~~~
/Users/tanujsutaria/Development/VitalArc/VitalArc/Data/Seeds/ExerciseSeedsStrongman.swift:210:13: error: argument 'instructions' must precede argument 'difficulty'
            instructions: "Very heavy single dumbbell overhead"
~~~~~~~~~~~~^~~~~~~~~~~~~~~~~~~~~~~~~~~~~~~~~~~~~~~~~~~~~~~~~~~
/Users/tanujsutaria/Development/VitalArc/VitalArc/Data/Seeds/ExerciseSeedsStrongman.swift:219:25: error: type 'ForceType?' has no member 'compound'
            forceType: .compound,
                       ~^~~~~~~~
/Users/tanujsutaria/Development/VitalArc/VitalArc/Data/Seeds/ExerciseSeedsStrongman.swift:385:13: error: argument 'instructions' must precede argument 'difficulty'
            instructions: "Deadlift tire, then push/press to flip"
~~~~~~~~~~~~^~~~~~~~~~~~~~~~~~~~~~~~~~~~~~~~~~~~~~~~~~~~~~~~~~~~~~
/Users/tanujsutaria/Development/VitalArc/VitalArc/Data/Seeds/ExerciseSeedsStrongman.swift:466:13: error: argument 'instructions' must precede argument 'difficulty'
            instructions: "Deadlift onto elevated platform"
~~~~~~~~~~~~^~~~~~~~~~~~~~~~~~~~~~~~~~~~~~~~~~~~~~~~~~~~~~~
/Users/tanujsutaria/Development/VitalArc/VitalArc/Data/Seeds/ExerciseSeedsStrongman.swift:487:13: error: argument 'instructions' must precede argument 'difficulty'
            instructions: "Flip heavy poles end over end"
~~~~~~~~~~~~^~~~~~~~~~~~~~~~~~~~~~~~~~~~~~~~~~~~~~~~~~~~~

SwiftCompile normal arm64 /Users/tanujsutaria/Development/VitalArc/VitalArc/Infrastructure/Networking/NutritionixModels.swift (in target 'VitalArc' from project 'VitalArc')
    cd /Users/tanujsutaria/Development/VitalArc
    

SwiftCompile normal arm64 /Users/tanujsutaria/Development/VitalArc/VitalArc/Infrastructure/Networking/OpenFoodFactsModels.swift (in target 'VitalArc' from project 'VitalArc')
    cd /Users/tanujsutaria/Development/VitalArc
    

SwiftCompile normal arm64 /Users/tanujsutaria/Development/VitalArc/VitalArc/Presentation/Common/DesignSystem/ViewExtensions.swift (in target 'VitalArc' from project 'VitalArc')
    cd /Users/tanujsutaria/Development/VitalArc
    

SwiftCompile normal arm64 Compiling\ MesocycleListView.swift,\ MesocycleViewModel.swift,\ AnalyticsDashboardView.swift,\ AnalyticsDashboardViewModel.swift,\ PersonalRecordsView.swift,\ ProgressChartView.swift,\ VolumeChartView.swift,\ CreateTemplateView.swift,\ TemplateDetailView.swift,\ WorkoutTemplatesView.swift,\ ExerciseSeedsBands.swift /Users/tanujsutaria/Development/VitalArc/VitalArc/Presentation/Tabs/Training/MesocycleListView.swift /Users/tanujsutaria/Development/VitalArc/VitalArc/Presentation/Tabs/Training/MesocycleViewModel.swift /Users/tanujsutaria/Development/VitalArc/VitalArc/Presentation/Tabs/Analytics/AnalyticsDashboardView.swift /Users/tanujsutaria/Development/VitalArc/VitalArc/Presentation/Tabs/Analytics/AnalyticsDashboardViewModel.swift /Users/tanujsutaria/Development/VitalArc/VitalArc/Presentation/Tabs/Analytics/PersonalRecordsView.swift /Users/tanujsutaria/Development/VitalArc/VitalArc/Presentation/Tabs/Analytics/ProgressChartView.swift /Users/tanujsutaria/Development/VitalArc/VitalArc/Presentation/Tabs/Analytics/VolumeChartView.swift /Users/tanujsutaria/Development/VitalArc/VitalArc/Presentation/Tabs/Workout/Templates/CreateTemplateView.swift /Users/tanujsutaria/Development/VitalArc/VitalArc/Presentation/Tabs/Workout/Templates/TemplateDetailView.swift /Users/tanujsutaria/Development/VitalArc/VitalArc/Presentation/Tabs/Workout/Templates/WorkoutTemplatesView.swift /Users/tanujsutaria/Development/VitalArc/VitalArc/Data/Seeds/ExerciseSeedsBands.swift (in target 'VitalArc' from project 'VitalArc')

SwiftCompile normal arm64 /Users/tanujsutaria/Development/VitalArc/VitalArc/Presentation/Tabs/Training/MesocycleListView.swift (in target 'VitalArc' from project 'VitalArc')
    cd /Users/tanujsutaria/Development/VitalArc
    

SwiftCompile normal arm64 /Users/tanujsutaria/Development/VitalArc/VitalArc/Presentation/Tabs/Training/MesocycleViewModel.swift (in target 'VitalArc' from project 'VitalArc')
    cd /Users/tanujsutaria/Development/VitalArc
    

SwiftCompile normal arm64 /Users/tanujsutaria/Development/VitalArc/VitalArc/Presentation/Tabs/Analytics/AnalyticsDashboardView.swift (in target 'VitalArc' from project 'VitalArc')
    cd /Users/tanujsutaria/Development/VitalArc
    

SwiftCompile normal arm64 /Users/tanujsutaria/Development/VitalArc/VitalArc/Presentation/Tabs/Analytics/AnalyticsDashboardViewModel.swift (in target 'VitalArc' from project 'VitalArc')
    cd /Users/tanujsutaria/Development/VitalArc
    

SwiftCompile normal arm64 /Users/tanujsutaria/Development/VitalArc/VitalArc/Presentation/Tabs/Analytics/PersonalRecordsView.swift (in target 'VitalArc' from project 'VitalArc')
    cd /Users/tanujsutaria/Development/VitalArc
    

SwiftCompile normal arm64 /Users/tanujsutaria/Development/VitalArc/VitalArc/Presentation/Tabs/Analytics/ProgressChartView.swift (in target 'VitalArc' from project 'VitalArc')
    cd /Users/tanujsutaria/Development/VitalArc
    

SwiftCompile normal arm64 /Users/tanujsutaria/Development/VitalArc/VitalArc/Presentation/Tabs/Analytics/VolumeChartView.swift (in target 'VitalArc' from project 'VitalArc')
    cd /Users/tanujsutaria/Development/VitalArc
    

SwiftCompile normal arm64 /Users/tanujsutaria/Development/VitalArc/VitalArc/Presentation/Tabs/Workout/Templates/CreateTemplateView.swift (in target 'VitalArc' from project 'VitalArc')
    cd /Users/tanujsutaria/Development/VitalArc
    

SwiftCompile normal arm64 /Users/tanujsutaria/Development/VitalArc/VitalArc/Presentation/Tabs/Workout/Templates/TemplateDetailView.swift (in target 'VitalArc' from project 'VitalArc')
    cd /Users/tanujsutaria/Development/VitalArc
    

SwiftCompile normal arm64 /Users/tanujsutaria/Development/VitalArc/VitalArc/Presentation/Tabs/Workout/Templates/WorkoutTemplatesView.swift (in target 'VitalArc' from project 'VitalArc')
    cd /Users/tanujsutaria/Development/VitalArc
    

SwiftCompile normal arm64 /Users/tanujsutaria/Development/VitalArc/VitalArc/Data/Seeds/ExerciseSeedsBands.swift (in target 'VitalArc' from project 'VitalArc')
    cd /Users/tanujsutaria/Development/VitalArc
    

SwiftCompile normal arm64 Compiling\ PersonalRecordModel.swift,\ WorkoutTemplateModel.swift,\ CreateMesocycleUseCase.swift,\ UpdateMesocycleProgressUseCase.swift,\ CalculateVolumeUseCase.swift,\ GenerateProgressReportUseCase.swift,\ TrackProgressiveOverloadUseCase.swift,\ LoadWorkoutTemplateUseCase.swift,\ SaveWorkoutTemplateUseCase.swift,\ CreateMesocycleView.swift,\ MesocycleDetailView.swift /Users/tanujsutaria/Development/VitalArc/VitalArc/Data/Models/Analytics/PersonalRecordModel.swift /Users/tanujsutaria/Development/VitalArc/VitalArc/Data/Models/Templates/WorkoutTemplateModel.swift /Users/tanujsutaria/Development/VitalArc/VitalArc/Domain/UseCases/Training/CreateMesocycleUseCase.swift /Users/tanujsutaria/Development/VitalArc/VitalArc/Domain/UseCases/Training/UpdateMesocycleProgressUseCase.swift /Users/tanujsutaria/Development/VitalArc/VitalArc/Domain/UseCases/Analytics/CalculateVolumeUseCase.swift /Users/tanujsutaria/Development/VitalArc/VitalArc/Domain/UseCases/Analytics/GenerateProgressReportUseCase.swift /Users/tanujsutaria/Development/VitalArc/VitalArc/Domain/UseCases/Analytics/TrackProgressiveOverloadUseCase.swift /Users/tanujsutaria/Development/VitalArc/VitalArc/Domain/UseCases/Templates/LoadWorkoutTemplateUseCase.swift /Users/tanujsutaria/Development/VitalArc/VitalArc/Domain/UseCases/Templates/SaveWorkoutTemplateUseCase.swift /Users/tanujsutaria/Development/VitalArc/VitalArc/Presentation/Tabs/Training/CreateMesocycleView.swift /Users/tanujsutaria/Development/VitalArc/VitalArc/Presentation/Tabs/Training/MesocycleDetailView.swift (in target 'VitalArc' from project 'VitalArc')

SwiftCompile normal arm64 /Users/tanujsutaria/Development/VitalArc/VitalArc/Data/Models/Analytics/PersonalRecordModel.swift (in target 'VitalArc' from project 'VitalArc')
    cd /Users/tanujsutaria/Development/VitalArc
    

SwiftCompile normal arm64 /Users/tanujsutaria/Development/VitalArc/VitalArc/Data/Models/Templates/WorkoutTemplateModel.swift (in target 'VitalArc' from project 'VitalArc')
    cd /Users/tanujsutaria/Development/VitalArc
    

SwiftCompile normal arm64 /Users/tanujsutaria/Development/VitalArc/VitalArc/Domain/UseCases/Training/CreateMesocycleUseCase.swift (in target 'VitalArc' from project 'VitalArc')
    cd /Users/tanujsutaria/Development/VitalArc
    

SwiftCompile normal arm64 /Users/tanujsutaria/Development/VitalArc/VitalArc/Domain/UseCases/Training/UpdateMesocycleProgressUseCase.swift (in target 'VitalArc' from project 'VitalArc')
    cd /Users/tanujsutaria/Development/VitalArc
    

SwiftCompile normal arm64 /Users/tanujsutaria/Development/VitalArc/VitalArc/Domain/UseCases/Analytics/CalculateVolumeUseCase.swift (in target 'VitalArc' from project 'VitalArc')
    cd /Users/tanujsutaria/Development/VitalArc
    

SwiftCompile normal arm64 /Users/tanujsutaria/Development/VitalArc/VitalArc/Domain/UseCases/Analytics/GenerateProgressReportUseCase.swift (in target 'VitalArc' from project 'VitalArc')
    cd /Users/tanujsutaria/Development/VitalArc
    

SwiftCompile normal arm64 /Users/tanujsutaria/Development/VitalArc/VitalArc/Domain/UseCases/Analytics/TrackProgressiveOverloadUseCase.swift (in target 'VitalArc' from project 'VitalArc')
    cd /Users/tanujsutaria/Development/VitalArc
    

SwiftCompile normal arm64 /Users/tanujsutaria/Development/VitalArc/VitalArc/Domain/UseCases/Templates/LoadWorkoutTemplateUseCase.swift (in target 'VitalArc' from project 'VitalArc')
    cd /Users/tanujsutaria/Development/VitalArc
    

SwiftCompile normal arm64 /Users/tanujsutaria/Development/VitalArc/VitalArc/Domain/UseCases/Templates/SaveWorkoutTemplateUseCase.swift (in target 'VitalArc' from project 'VitalArc')
    cd /Users/tanujsutaria/Development/VitalArc
    

SwiftCompile normal arm64 /Users/tanujsutaria/Development/VitalArc/VitalArc/Presentation/Tabs/Training/CreateMesocycleView.swift (in target 'VitalArc' from project 'VitalArc')
    cd /Users/tanujsutaria/Development/VitalArc
    

SwiftCompile normal arm64 /Users/tanujsutaria/Development/VitalArc/VitalArc/Presentation/Tabs/Training/MesocycleDetailView.swift (in target 'VitalArc' from project 'VitalArc')
    cd /Users/tanujsutaria/Development/VitalArc
    

SwiftCompile normal arm64 Compiling\ SpringAnimations.swift,\ VitalCard.swift,\ VitalButton.swift,\ VitalTextField.swift,\ MetricCard.swift,\ ProgressChart.swift,\ ExerciseCard.swift,\ FoodCard.swift,\ VitalEmptyState.swift,\ VitalBottomSheet.swift,\ GeneratedAssetSymbols.swift /Users/tanujsutaria/Development/VitalArc/VitalArc/Presentation/Common/DesignSystem/Animations/SpringAnimations.swift /Users/tanujsutaria/Development/VitalArc/VitalArc/Presentation/Common/DesignSystem/Components/VitalCard.swift /Users/tanujsutaria/Development/VitalArc/VitalArc/Presentation/Common/DesignSystem/Components/VitalButton.swift /Users/tanujsutaria/Development/VitalArc/VitalArc/Presentation/Common/DesignSystem/Components/VitalTextField.swift /Users/tanujsutaria/Development/VitalArc/VitalArc/Presentation/Common/DesignSystem/Components/MetricCard.swift /Users/tanujsutaria/Development/VitalArc/VitalArc/Presentation/Common/DesignSystem/Components/ProgressChart.swift /Users/tanujsutaria/Development/VitalArc/VitalArc/Presentation/Common/DesignSystem/Components/ExerciseCard.swift /Users/tanujsutaria/Development/VitalArc/VitalArc/Presentation/Common/DesignSystem/Components/FoodCard.swift /Users/tanujsutaria/Development/VitalArc/VitalArc/Presentation/Common/DesignSystem/Components/VitalEmptyState.swift /Users/tanujsutaria/Development/VitalArc/VitalArc/Presentation/Common/DesignSystem/Components/VitalBottomSheet.swift /Users/tanujsutaria/Library/Developer/Xcode/DerivedData/VitalArc-avtzrztwhtjvmfecaxystanwxewy/Build/Intermediates.noindex/VitalArc.build/Debug-iphonesimulator/VitalArc.build/DerivedSources/GeneratedAssetSymbols.swift (in target 'VitalArc' from project 'VitalArc')

SwiftCompile normal arm64 /Users/tanujsutaria/Development/VitalArc/VitalArc/Presentation/Common/DesignSystem/Animations/SpringAnimations.swift (in target 'VitalArc' from project 'VitalArc')
    cd /Users/tanujsutaria/Development/VitalArc
    

SwiftCompile normal arm64 /Users/tanujsutaria/Development/VitalArc/VitalArc/Presentation/Common/DesignSystem/Components/VitalCard.swift (in target 'VitalArc' from project 'VitalArc')
    cd /Users/tanujsutaria/Development/VitalArc
    

SwiftCompile normal arm64 /Users/tanujsutaria/Development/VitalArc/VitalArc/Presentation/Common/DesignSystem/Components/VitalButton.swift (in target 'VitalArc' from project 'VitalArc')
    cd /Users/tanujsutaria/Development/VitalArc
    

SwiftCompile normal arm64 /Users/tanujsutaria/Development/VitalArc/VitalArc/Presentation/Common/DesignSystem/Components/VitalTextField.swift (in target 'VitalArc' from project 'VitalArc')
    cd /Users/tanujsutaria/Development/VitalArc
    

SwiftCompile normal arm64 /Users/tanujsutaria/Development/VitalArc/VitalArc/Presentation/Common/DesignSystem/Components/MetricCard.swift (in target 'VitalArc' from project 'VitalArc')
    cd /Users/tanujsutaria/Development/VitalArc
    

SwiftCompile normal arm64 /Users/tanujsutaria/Development/VitalArc/VitalArc/Presentation/Common/DesignSystem/Components/ProgressChart.swift (in target 'VitalArc' from project 'VitalArc')
    cd /Users/tanujsutaria/Development/VitalArc
    

SwiftCompile normal arm64 /Users/tanujsutaria/Development/VitalArc/VitalArc/Presentation/Common/DesignSystem/Components/ExerciseCard.swift (in target 'VitalArc' from project 'VitalArc')
    cd /Users/tanujsutaria/Development/VitalArc
    

SwiftCompile normal arm64 /Users/tanujsutaria/Development/VitalArc/VitalArc/Presentation/Common/DesignSystem/Components/FoodCard.swift (in target 'VitalArc' from project 'VitalArc')
    cd /Users/tanujsutaria/Development/VitalArc
    

SwiftCompile normal arm64 /Users/tanujsutaria/Development/VitalArc/VitalArc/Presentation/Common/DesignSystem/Components/VitalEmptyState.swift (in target 'VitalArc' from project 'VitalArc')
    cd /Users/tanujsutaria/Development/VitalArc
    

SwiftCompile normal arm64 /Users/tanujsutaria/Development/VitalArc/VitalArc/Presentation/Common/DesignSystem/Components/VitalBottomSheet.swift (in target 'VitalArc' from project 'VitalArc')
    cd /Users/tanujsutaria/Development/VitalArc
    

SwiftCompile normal arm64 /Users/tanujsutaria/Library/Developer/Xcode/DerivedData/VitalArc-avtzrztwhtjvmfecaxystanwxewy/Build/Intermediates.noindex/VitalArc.build/Debug-iphonesimulator/VitalArc.build/DerivedSources/GeneratedAssetSymbols.swift (in target 'VitalArc' from project 'VitalArc')
    cd /Users/tanujsutaria/Development/VitalArc
    

SwiftEmitModule normal arm64 Emitting\ module\ for\ VitalArc (in target 'VitalArc' from project 'VitalArc')

** BUILD FAILED **


The following build commands failed:
	SwiftCompile normal arm64 Compiling\ ExerciseSeedsBarbell.swift,\ ExerciseSeedsCable.swift,\ ExerciseSeedsCalisthenics.swift,\ ExerciseSeedsDumbbell.swift,\ ExerciseSeedsKettlebell.swift,\ ExerciseSeedsMachine.swift,\ ExerciseSeedsOlympic.swift,\ ExerciseSeedsStrongman.swift,\ NutritionixModels.swift,\ OpenFoodFactsModels.swift,\ ViewExtensions.swift /Users/tanujsutaria/Development/VitalArc/VitalArc/Data/Seeds/ExerciseSeedsBarbell.swift /Users/tanujsutaria/Development/VitalArc/VitalArc/Data/Seeds/ExerciseSeedsCable.swift /Users/tanujsutaria/Development/VitalArc/VitalArc/Data/Seeds/ExerciseSeedsCalisthenics.swift /Users/tanujsutaria/Development/VitalArc/VitalArc/Data/Seeds/ExerciseSeedsDumbbell.swift /Users/tanujsutaria/Development/VitalArc/VitalArc/Data/Seeds/ExerciseSeedsKettlebell.swift /Users/tanujsutaria/Development/VitalArc/VitalArc/Data/Seeds/ExerciseSeedsMachine.swift /Users/tanujsutaria/Development/VitalArc/VitalArc/Data/Seeds/ExerciseSeedsOlympic.swift /Users/tanujsutaria/Development/VitalArc/VitalArc/Data/Seeds/ExerciseSeedsStrongman.swift /Users/tanujsutaria/Development/VitalArc/VitalArc/Infrastructure/Networking/NutritionixModels.swift /Users/tanujsutaria/Development/VitalArc/VitalArc/Infrastructure/Networking/OpenFoodFactsModels.swift /Users/tanujsutaria/Development/VitalArc/VitalArc/Presentation/Common/DesignSystem/ViewExtensions.swift (in target 'VitalArc' from project 'VitalArc')
	SwiftCompile normal arm64 /Users/tanujsutaria/Development/VitalArc/VitalArc/Data/Seeds/ExerciseSeedsBarbell.swift (in target 'VitalArc' from project 'VitalArc')
	SwiftCompile normal arm64 /Users/tanujsutaria/Development/VitalArc/VitalArc/Data/Seeds/ExerciseSeedsCable.swift (in target 'VitalArc' from project 'VitalArc')
	SwiftCompile normal arm64 /Users/tanujsutaria/Development/VitalArc/VitalArc/Data/Seeds/ExerciseSeedsCalisthenics.swift (in target 'VitalArc' from project 'VitalArc')
	SwiftCompile normal arm64 /Users/tanujsutaria/Development/VitalArc/VitalArc/Data/Seeds/ExerciseSeedsDumbbell.swift (in target 'VitalArc' from project 'VitalArc')
	SwiftCompile normal arm64 /Users/tanujsutaria/Development/VitalArc/VitalArc/Data/Seeds/ExerciseSeedsKettlebell.swift (in target 'VitalArc' from project 'VitalArc')
	SwiftCompile normal arm64 /Users/tanujsutaria/Development/VitalArc/VitalArc/Data/Seeds/ExerciseSeedsOlympic.swift (in target 'VitalArc' from project 'VitalArc')
	SwiftCompile normal arm64 /Users/tanujsutaria/Development/VitalArc/VitalArc/Data/Seeds/ExerciseSeedsStrongman.swift (in target 'VitalArc' from project 'VitalArc')
	Building project VitalArc with scheme VitalArc
(9 failures)
